time_bin,hour,lmp_usd_mwh,is_4cp_bin,carbon_g_kwh
0,0.0,20.359923329563244,False,474.6
1,0.25,12.778503405617696,False,439.5
2,0.5,10.826798466924172,False,444.0
3,0.75,15.36481965252001,False,446.3
4,1.0,18.073145578441572,False,424.7
5,1.25,14.685559562683244,False,432.8
6,1.5,11.3331459794846,False,428.7
7,1.75,11.64575227281745,False,398.1
8,2.0,9.869313824542074,False,435.3
9,2.25,13.799349656387427,False,424.4
10,2.5,11.015525446496731,False,401.2
11,2.75,11.567463635539063,False,403.1
12,3.0,9.925959270303023,False,408.3
13,3.25,3.728040360726732,False,391.7
14,3.5,8.769098550394872,False,386.8
15,3.75,11.1047699751175,False,363.4
16,4.0,14.209057169697031,False,388.3
17,4.25,18.286851422993553,False,376.6
18,4.5,15.114557665982934,False,373.7
19,4.75,15.382633623463695,False,341.5
20,5.0,19.764092917334217,False,384.1
21,5.25,16.441938028219973,False,356.6
22,5.5,17.315436658149384,False,343.6
23,5.75,14.328517463704395,False,375.1
24,6.0,19.510560784136008,False,339.3
25,6.25,19.17439984170588,False,313.8
26,6.5,18.426332528767823,False,325.2
27,6.75,21.131877098232607,False,292.9
28,7.0,21.473727468656666,False,339.2
29,7.25,23.421753373379197,False,313.6
30,7.5,27.51647734627249,False,305.4
31,7.75,26.878064058068095,False,329.6
32,8.0,24.3898699714038,False,286.0
33,8.25,21.0219003777631,False,316.3
34,8.5,21.383977131583595,False,275.1
35,8.75,15.690563040441852,False,294.3
36,9.0,19.24346841923479,False,284.7
37,9.25,19.6008416846584,False,323.5
38,9.5,19.41811547057152,False,327.2
39,9.75,14.389156869905966,False,295.2
40,10.0,21.87445826341541,False,312.6
41,10.25,24.527176173601823,False,297.5
42,10.5,20.229950940794065,False,309.2
43,10.75,22.1042655566448,False,290.2
44,11.0,19.872789535515224,False,277.1
45,11.25,21.15337225270573,False,277.2
46,11.5,22.11615172397732,False,311.8
47,11.75,25.021276602585548,False,342.0
48,12.0,31.061610337782348,False,314.8
49,12.25,26.498352214668788,False,305.6
50,12.5,29.73563476930226,False,345.2
51,12.75,30.178117063640855,False,323.4
52,13.0,30.17966871327409,False,325.0
53,13.25,31.84636340854667,False,331.0
54,13.5,35.694889641188375,False,329.3
55,13.75,29.668973416640565,False,330.9
56,14.0,28.342389556096975,False,318.5
57,14.25,28.922642255479836,False,352.1
58,14.5,26.137537417519987,False,348.0
59,14.75,29.42639587820316,False,372.2
60,15.0,32.99912269501808,False,353.8
61,15.25,34.18115723354116,False,335.8
62,15.5,36.89649609670852,False,368.1
63,15.75,32.819974026699335,False,400.3
64,16.0,32.60146394631387,False,374.2
65,16.25,34.8006632460838,False,371.9
66,16.5,35.91949871209051,False,372.5
67,16.75,37.18043063245705,False,379.9
68,17.0,39.760801552246285,False,396.2
69,17.25,37.7626720226043,False,388.0
70,17.5,34.67037985945212,False,433.1
71,17.75,33.41295106273295,False,411.1
72,18.0,38.8908713467459,False,421.6
73,18.25,32.60488539453939,False,446.0
74,18.5,30.171674408655257,False,451.3
75,18.75,32.90356661407775,False,429.6
76,19.0,34.33788790868197,False,441.5
77,19.25,32.467613835149855,False,451.2
78,19.5,33.85632705213486,False,440.6
79,19.75,34.19026496091898,False,419.8
80,20.0,33.51308009851522,False,459.1
81,20.25,32.29043415366719,False,465.2
82,20.5,29.38920050791784,False,460.1
83,20.75,30.98134000204439,False,441.9
84,21.0,29.81582650129324,False,454.3
85,21.25,28.97572044540791,False,449.6
86,21.5,29.757793157919536,False,454.8
87,21.75,28.772855812665235,False,479.3
88,22.0,29.002359927366093,False,482.9
89,22.25,23.0849885163205,False,469.9
90,22.5,22.120368545469688,False,467.5
91,22.75,17.41970316443853,False,468.6
92,23.0,19.8944093165472,False,457.1
93,23.25,16.656911695969445,False,454.6
94,23.5,14.175381774058886,False,443.8
95,23.75,21.38049644836746,False,450.9
96,24.0,18.004886778395672,False,483.2
97,24.25,17.046044188242814,False,459.6
98,24.5,17.623119054077,False,438.3
99,24.75,14.61837249441044,False,433.1
100,25.0,12.526791733260714,False,423.6
101,25.25,13.883577088482076,False,438.4
102,25.5,15.105732370384912,False,434.6
103,25.75,9.468592249496906,False,402.8
104,26.0,10.38129979708532,False,427.3
105,26.25,10.361510668982476,False,406.8
106,26.5,11.92565951663817,False,432.0
107,26.75,10.374564393330832,False,408.1
108,27.0,11.542334057331251,False,426.5
109,27.25,7.550576557736351,False,388.7
110,27.5,9.085561471351834,False,386.1
111,27.75,5.658838397091429,False,389.7
112,28.0,10.1040443947163,False,395.8
113,28.25,9.550711037782882,False,383.3
114,28.5,6.064825704431142,False,351.1
115,28.75,6.430358648703194,False,367.1
116,29.0,8.76845598437989,False,359.6
117,29.25,13.731834193277274,False,347.8
118,29.5,18.449482237257357,False,339.7
119,29.75,16.728526252277735,False,370.8
120,30.0,16.499929477116677,False,334.1
121,30.25,20.00693579132566,False,322.9
122,30.5,17.627747859853425,False,340.9
123,30.75,17.501000381719994,False,329.2
124,31.0,17.096812983212068,False,322.3
125,31.25,21.096526921784484,False,331.6
126,31.5,19.23458190013943,False,323.9
127,31.75,22.97606419852577,False,318.9
128,32.0,26.2295291621999,False,325.2
129,32.25,25.21611007334479,False,312.5
130,32.5,27.382154995343186,False,296.8
131,32.75,25.18628724598165,False,298.8
132,33.0,29.132299606387296,False,294.9
133,33.25,28.993423647956845,False,304.7
134,33.5,25.027917065897096,False,284.5
135,33.75,23.982625294410088,False,272.7
136,34.0,20.80240921022449,False,301.3
137,34.25,24.354051078173725,False,280.1
138,34.5,24.43407688759095,False,271.4
139,34.75,29.30519655911511,False,307.1
140,35.0,31.110859226698594,False,292.1
141,35.25,32.48420483894453,False,311.7
142,35.5,32.404566105968996,False,298.1
143,35.75,31.436289032557603,False,291.4
144,36.0,31.80625275087781,False,292.1
145,36.25,32.88373461808043,False,305.8
146,36.5,36.56069873468561,False,312.4
147,36.75,37.24540730957401,False,307.5
148,37.0,37.44034615929999,False,319.2
149,37.25,38.788722860823746,False,304.2
150,37.5,27.580305311555,False,331.5
151,37.75,26.508958073169232,False,308.6
152,38.0,28.718506749766053,False,337.1
153,38.25,27.14059691990446,False,355.1
154,38.5,26.07510809972139,False,365.8
155,38.75,28.677617929073165,False,380.0
156,39.0,34.56012718986843,False,336.0
157,39.25,32.840836874973824,False,375.8
158,39.5,36.422577534346054,False,387.7
159,39.75,42.54330589597912,False,389.5
160,40.0,37.3769435371427,False,366.1
161,40.25,38.87531099402269,False,391.4
162,40.5,40.486648406018574,False,418.3
163,40.75,38.146432111607595,False,373.1
164,41.0,37.660494554567805,False,407.9
165,41.25,42.59383041442201,False,422.4
166,41.5,40.47773851973893,False,400.2
167,41.75,38.48388625917074,False,424.1
168,42.0,44.22285752068715,False,403.9
169,42.25,47.89459629325233,False,412.3
170,42.5,43.02232281152317,False,416.4
171,42.75,40.20636976942752,False,435.6
172,43.0,35.35820998696533,False,435.2
173,43.25,35.98944072274561,False,454.5
174,43.5,42.885187963757375,False,429.4
175,43.75,41.43625066366483,False,444.5
176,44.0,33.72984853317915,False,463.7
177,44.25,34.42523491432406,False,460.2
178,44.5,36.317798745345414,False,434.0
179,44.75,26.364061168553068,False,465.7
180,45.0,21.551955510718912,False,450.1
181,45.25,17.770948055915788,False,464.2
182,45.5,17.807294401376613,False,463.8
183,45.75,17.221696862355355,False,478.1
184,46.0,15.873649520480116,False,461.7
185,46.25,16.251889154696485,False,432.0
186,46.5,16.677076384316113,False,438.8
187,46.75,20.07219736862323,False,469.4
188,47.0,18.56749576577584,False,453.4
189,47.25,23.031474699890072,False,472.8
190,47.5,19.602063865347795,False,458.0
191,47.75,14.029270947758617,False,440.5
192,48.0,17.774658434073146,False,465.5
193,48.25,19.670381211467213,False,434.4
194,48.5,12.458790151722027,False,412.7
195,48.75,10.021704113426974,False,471.1
196,49.0,12.934606263467067,False,407.9
197,49.25,15.884451252672608,False,442.3
198,49.5,17.4201968953693,False,442.8
199,49.75,14.25755215893344,False,426.7
200,50.0,13.195240662095417,False,394.7
201,50.25,13.3183139716099,False,430.6
202,50.5,13.740574006258718,False,389.0
203,50.75,7.227262700496048,False,385.6
204,51.0,8.319635379531688,False,395.3
205,51.25,8.3919032598765,False,407.4
206,51.5,10.886856316724518,False,394.9
207,51.75,12.021045515443122,False,397.4
208,52.0,8.702214357958756,False,373.3
209,52.25,9.670746658155242,False,372.2
210,52.5,13.073307430517346,False,352.5
211,52.75,11.48739190284042,False,359.6
212,53.0,13.858532200108533,False,368.2
213,53.25,18.90625014382571,False,349.8
214,53.5,20.634902848428915,False,356.5
215,53.75,13.735998553769909,False,336.0
216,54.0,17.035194756856733,False,331.1
217,54.25,15.374229567228596,False,336.1
218,54.5,15.192566432556204,False,328.4
219,54.75,14.193289434169422,False,336.1
220,55.0,20.20873206120485,False,326.1
221,55.25,19.785135396984096,False,346.0
222,55.5,19.34296791874277,False,313.2
223,55.75,16.914573388274025,False,310.1
224,56.0,19.417258935774445,False,295.1
225,56.25,25.002336619487103,False,308.6
226,56.5,20.301780698027603,False,316.3
227,56.75,14.503647808241778,False,293.1
228,57.0,22.835456886312254,False,302.0
229,57.25,22.49142692631028,False,312.3
230,57.5,21.161388223953512,False,298.8
231,57.75,23.291555558153014,False,292.4
232,58.0,24.694354854605656,False,314.6
233,58.25,30.21350535339448,False,301.6
234,58.5,32.99402439133487,False,306.6
235,58.75,36.77497904846017,False,319.1
236,59.0,32.47608565572159,False,319.9
237,59.25,31.996794200003876,False,299.0
238,59.5,33.952505138136004,False,298.2
239,59.75,28.14672740261975,False,312.5
240,60.0,26.95513104932841,False,308.7
241,60.25,28.44971640843579,False,285.0
242,60.5,32.98362073138861,False,335.7
243,60.75,28.40812122234589,False,320.1
244,61.0,33.23977703472319,False,334.5
245,61.25,35.59840700902301,False,309.7
246,61.5,35.137921706075105,False,350.6
247,61.75,36.03292517966872,False,326.7
248,62.0,40.01385494398332,False,338.4
249,62.25,30.53616952001959,False,323.6
250,62.5,26.93621466486763,False,346.9
251,62.75,30.518211785286,False,350.8
252,63.0,35.72328393127419,False,356.5
253,63.25,36.26055206455144,False,371.0
254,63.5,34.29191938807566,False,370.5
255,63.75,36.584857771530835,False,389.4
256,64.0,32.912508783206164,False,373.0
257,64.25,32.71289513892191,False,370.3
258,64.5,38.19044142958569,False,390.2
259,64.75,36.891431060170646,False,405.0
260,65.0,32.74951997918778,False,419.4
261,65.25,34.297200847799324,False,417.9
262,65.5,40.984136973123945,False,384.1
263,65.75,41.089926316089496,False,421.0
264,66.0,39.53219419208032,False,441.9
265,66.25,40.48133879706787,False,425.4
266,66.5,32.97039184867914,False,421.0
267,66.75,37.439837310631134,False,437.4
268,67.0,30.48537934837505,False,429.0
269,67.25,29.350700110017502,False,449.7
270,67.5,33.41726550719357,False,443.3
271,67.75,36.67611210060908,False,467.4
272,68.0,32.72556072256005,False,456.8
273,68.25,32.283977976499195,False,440.9
274,68.5,30.72334131338921,False,463.0
275,68.75,22.38985599032393,False,469.8
276,69.0,21.52853947028082,False,448.7
277,69.25,19.843683484389935,False,452.1
278,69.5,23.894450024390263,False,424.7
279,69.75,21.148300169608575,False,473.4
280,70.0,22.472604835973925,False,451.2
281,70.25,17.295659233453822,False,428.0
282,70.5,15.511135433330342,False,432.8
283,70.75,16.934017883058164,False,455.1
284,71.0,13.425935191992512,False,468.7
285,71.25,19.345009486477295,False,454.4
286,71.5,22.940023127681,False,461.0
287,71.75,21.085995960619933,False,435.2
288,72.0,17.436042490470204,False,429.2
289,72.25,14.255158486824808,False,459.8
290,72.5,13.408132557865653,False,450.9
291,72.75,11.394111561046865,False,439.7
292,73.0,10.13433384500996,False,455.8
293,73.25,10.97148606004944,False,418.5
294,73.5,10.540392331346672,False,422.4
295,73.75,11.274668487174129,False,439.8
296,74.0,7.365398963520375,False,447.6
297,74.25,6.011287848740151,False,415.5
298,74.5,6.84829214099744,False,435.8
299,74.75,6.885730391699177,False,396.7
300,75.0,6.899138641068491,False,405.7
301,75.25,6.515842839225838,False,393.0
302,75.5,12.193235996625354,False,366.6
303,75.75,12.709201684393154,False,389.1
304,76.0,14.163397312106603,False,394.0
305,76.25,10.35779237558747,False,372.5
306,76.5,6.27567361511402,False,368.5
307,76.75,12.505696748414346,False,385.3
308,77.0,15.35863784592492,False,340.5
309,77.25,15.50095807941729,False,331.8
310,77.5,18.290556411983474,False,339.6
311,77.75,25.289390938397904,False,326.7
312,78.0,24.392707049286937,False,360.2
313,78.25,25.10788627299905,False,340.2
314,78.5,15.721025887030256,False,318.3
315,78.75,22.02809933074679,False,318.0
316,79.0,20.334273522519258,False,366.3
317,79.25,22.39439999734681,False,310.7
318,79.5,19.956971527352643,False,305.1
319,79.75,16.99157381700107,False,318.0
320,80.0,18.803311057070285,False,320.3
321,80.25,20.450069825245713,False,311.6
322,80.5,21.366897119912796,False,292.5
323,80.75,21.854274236845107,False,286.9
324,81.0,22.062282245907145,False,311.7
325,81.25,25.33497618599464,False,300.7
326,81.5,24.04999332937511,False,276.1
327,81.75,29.039389232912292,False,317.7
328,82.0,22.148232931493567,False,311.6
329,82.25,26.709492805690747,False,296.6
330,82.5,27.46875366708214,False,296.8
331,82.75,25.918050586396085,False,305.0
332,83.0,20.199363270969226,False,292.4
333,83.25,19.038330446396667,False,284.0
334,83.5,18.2016831340606,False,310.9
335,83.75,25.67382273707337,False,286.7
336,84.0,31.435785780623856,False,316.6
337,84.25,29.301812566423727,False,291.9
338,84.5,24.74781355924148,False,315.0
339,84.75,23.83790125913147,False,317.8
340,85.0,24.552890992829433,False,350.2
341,85.25,26.718077499514663,False,311.3
342,85.5,29.82819751258708,False,310.1
343,85.75,35.637169846746346,False,325.9
344,86.0,38.8553115478951,False,323.1
345,86.25,40.39374735592983,False,335.8
346,86.5,32.95276700845657,False,355.7
347,86.75,28.837153197911913,False,365.9
348,87.0,33.43348494267284,False,384.2
349,87.25,31.330977577916368,False,353.3
350,87.5,33.84723409714887,False,409.1
351,87.75,34.698784191032054,False,404.5
352,88.0,40.743693971312936,False,376.9
353,88.25,38.97305274616836,False,350.9
354,88.5,40.518669376114666,False,389.2
355,88.75,39.10307812123771,False,396.7
356,89.0,41.55628121825893,False,366.2
357,89.25,34.07244394194015,False,406.8
358,89.5,42.31933628353365,False,407.6
359,89.75,44.506534405272,False,403.6
360,90.0,40.51878965279524,False,429.4
361,90.25,42.2137230672617,False,439.5
362,90.5,32.78807996711205,False,421.4
363,90.75,32.87146538868336,False,436.2
364,91.0,35.9356638713517,False,426.7
365,91.25,30.331250404621855,False,428.3
366,91.5,29.305581496332863,False,444.7
367,91.75,26.583880466990628,False,454.4
368,92.0,29.064631933671183,False,440.8
369,92.25,30.08097025227844,False,418.5
370,92.5,31.090236082082317,False,462.7
371,92.75,29.86620658562679,False,431.8
372,93.0,28.30091332911789,False,459.1
373,93.25,28.82978328132569,False,485.1
374,93.5,25.560005219597087,False,459.1
375,93.75,25.671063804652437,False,442.0
376,94.0,22.43870822314381,False,438.1
377,94.25,17.976543014247763,False,477.4
378,94.5,24.073462408226035,False,459.1
379,94.75,26.13851550373577,False,466.6
380,95.0,26.365940315909057,False,471.2
381,95.25,22.44418821697952,False,455.0
382,95.5,19.32259747825386,False,449.3
383,95.75,15.773147536992589,False,437.5
384,96.0,14.029809924736488,False,403.0
385,96.25,14.399635119303998,False,423.7
386,96.5,16.24275397878961,False,442.4
387,96.75,15.371644684476788,False,437.5
388,97.0,14.329097392326188,False,442.6
389,97.25,15.59916014719698,False,430.8
390,97.5,14.018454921750353,False,431.1
391,97.75,13.61401698324911,False,436.3
392,98.0,12.918966118369337,False,406.7
393,98.25,12.160080134288206,False,411.1
394,98.5,13.596365809209422,False,386.5
395,98.75,16.396248230650436,False,420.3
396,99.0,10.264852869007662,False,401.3
397,99.25,8.644657786469296,False,403.0
398,99.5,4.94893917771428,False,413.6
399,99.75,6.76629280157109,False,401.4
400,100.0,2.3647258320254103,False,379.1
401,100.25,6.508075362112477,False,386.6
402,100.5,5.842877681608552,False,348.1
403,100.75,7.1957492789359065,False,370.9
404,101.0,11.762068245445112,False,361.4
405,101.25,14.517929161167991,False,330.0
406,101.5,9.649194165841028,False,369.4
407,101.75,9.9717162143427,False,334.1
408,102.0,9.485778456817131,False,350.2
409,102.25,11.738983055036371,False,329.3
410,102.5,11.026171569311128,False,346.2
411,102.75,12.686890276916928,False,346.9
412,103.0,18.91355281637122,False,311.0
413,103.25,16.99288456147308,False,296.9
414,103.5,17.867933537427845,False,314.6
415,103.75,20.83688687446573,False,326.2
416,104.0,23.38334878531149,False,305.1
417,104.25,23.920599465178533,False,299.0
418,104.5,25.21518830706393,False,313.4
419,104.75,28.109471247123047,False,262.8
420,105.0,25.401429929699848,False,292.8
421,105.25,30.987864315552024,False,280.8
422,105.5,27.052703222829713,False,305.1
423,105.75,31.441584458143183,False,289.1
424,106.0,31.54794362255413,False,283.3
425,106.25,29.7116149103136,False,294.9
426,106.5,22.56445049386982,False,278.7
427,106.75,22.056298166196218,False,301.3
428,107.0,25.562714672217737,False,292.5
429,107.25,24.068811731098297,False,298.6
430,107.5,28.99143630451978,False,295.3
431,107.75,29.000646864613753,False,321.9
432,108.0,31.232976164101373,False,309.1
433,108.25,31.296877766223744,False,321.4
434,108.5,30.10710111334594,False,323.7
435,108.75,27.38435637038142,False,307.8
436,109.0,31.541394838234055,False,332.0
437,109.25,30.519609092347913,False,332.5
438,109.5,32.76777718293464,False,336.0
439,109.75,31.375673853259105,False,329.6
440,110.0,26.7619971840712,False,333.6
441,110.25,29.26501070419947,False,356.4
442,110.5,33.01860024829302,False,382.1
443,110.75,31.646890351267807,False,341.8
444,111.0,32.340718698188546,False,367.3
445,111.25,40.22847079187883,False,358.9
446,111.5,45.38682050238212,False,381.3
447,111.75,42.63101585110102,False,381.3
448,112.0,42.67748464622363,False,395.9
449,112.25,43.00710015691183,False,343.3
450,112.5,49.37137773684774,False,381.4
451,112.75,47.21131936475558,False,380.8
452,113.0,41.68381505865316,False,399.1
453,113.25,46.85245690517975,False,394.9
454,113.5,48.98785649655608,False,401.0
455,113.75,42.324778852402574,False,425.6
456,114.0,44.72270542624504,False,448.5
457,114.25,39.30970242226002,False,382.1
458,114.5,34.22707625033235,False,424.0
459,114.75,32.25798071673381,False,437.4
460,115.0,27.417983612169728,False,436.6
461,115.25,31.05641863730419,False,435.0
462,115.5,34.40322781795332,False,423.2
463,115.75,35.60958174076883,False,432.4
464,116.0,31.14828195697452,False,460.2
465,116.25,29.461393335384297,False,467.9
466,116.5,28.804728799986623,False,455.4
467,116.75,31.063308638738043,False,443.2
468,117.0,33.069882401745204,False,458.7
469,117.25,32.98981668393431,False,454.9
470,117.5,28.41496072771436,False,467.5
471,117.75,25.848519632019435,False,461.6
472,118.0,21.865742540094484,False,450.7
473,118.25,19.184963165471377,False,462.7
474,118.5,24.337654923553178,False,441.6
475,118.75,20.611281938945616,False,470.8
476,119.0,20.654041052198725,False,475.0
477,119.25,20.368963895736503,False,438.1
478,119.5,16.921161991949724,False,460.2
479,119.75,9.094206284465194,False,436.9
480,120.0,5.164857184228649,False,465.4
481,120.25,6.752328216783659,False,460.1
482,120.5,5.645538636632505,False,440.0
483,120.75,2.776893896037283,False,455.1
484,121.0,6.377176679315916,False,430.1
485,121.25,3.313259130912419,False,423.1
486,121.5,5.309982857360182,False,420.2
487,121.75,6.532433709842312,False,422.3
488,122.0,11.580790359616016,False,415.1
489,122.25,11.32072733464144,False,417.7
490,122.5,1.5601391774031548,False,401.4
491,122.75,-4.284961905472664,False,317.2
492,123.0,3.134718997314086,False,416.0
493,123.25,6.315587053914397,False,388.2
494,123.5,7.7777760543222465,False,369.0
495,123.75,9.039220739722431,False,396.1
496,124.0,13.220725852875017,False,397.1
497,124.25,10.78398965626264,False,372.3
498,124.5,4.3124374733839765,False,350.3
499,124.75,4.05002167012582,False,368.4
500,125.0,9.102671043670336,False,382.2
501,125.25,10.473515060659906,False,326.1
502,125.5,10.745287676502253,False,356.6
503,125.75,17.54922609340167,False,339.9
504,126.0,13.67756702993511,False,327.2
505,126.25,15.558398671565444,False,343.0
506,126.5,13.656347251814404,False,311.8
507,126.75,9.937106187528176,False,331.7
508,127.0,16.14970625967011,False,343.1
509,127.25,13.742078663168712,False,322.5
510,127.5,15.202524711587028,False,303.4
511,127.75,22.499597094966767,False,286.8
512,128.0,24.676281021154544,False,291.5
513,128.25,23.33458477120854,False,280.6
514,128.5,19.656628818493058,False,330.1
515,128.75,22.366257398304977,False,300.5
516,129.0,21.709717331276195,False,287.0
517,129.25,16.414604914513607,False,282.1
518,129.5,13.616486265397416,False,284.7
519,129.75,14.424166844823672,False,295.1
520,130.0,13.618373935837882,False,280.8
521,130.25,14.603433367517749,False,325.3
522,130.5,12.893135340954023,False,289.5
523,130.75,14.227139785970497,False,289.8
524,131.0,7.90061898579609,False,307.3
525,131.25,16.245214686203013,False,326.0
526,131.5,15.67888985578724,False,325.9
527,131.75,17.5214931638238,False,300.9
528,132.0,18.865570035251764,False,314.5
529,132.25,25.0224165666608,False,315.7
530,132.5,21.196255684232444,False,324.5
531,132.75,25.558840656875667,False,323.7
532,133.0,28.866856238970534,False,309.3
533,133.25,27.102534043845857,False,308.3
534,133.5,27.67919251460223,False,333.9
535,133.75,35.454785286803805,False,317.8
536,134.0,33.235505126835285,False,360.4
537,134.25,32.0875861516606,False,345.2
538,134.5,30.421189490457973,False,334.0
539,134.75,28.206375636850808,False,349.5
540,135.0,28.90988719668326,False,351.7
541,135.25,32.56277631716853,False,362.4
542,135.5,29.463831922690435,False,383.7
543,135.75,35.36625685529065,False,353.1
544,136.0,36.78721580021845,False,352.0
545,136.25,33.849931273702886,False,390.3
546,136.5,35.45373502764479,False,387.8
547,136.75,32.67684921011305,False,398.1
548,137.0,35.33278133645738,False,407.4
549,137.25,34.329182592323356,False,403.0
550,137.5,31.560692951633783,False,422.6
551,137.75,38.53665873152433,False,402.0
552,138.0,35.539170922377735,False,421.0
553,138.25,37.72482627673613,False,412.0
554,138.5,39.034046955852595,False,411.8
555,138.75,41.295051549511896,False,442.0
556,139.0,35.850422595599554,False,445.1
557,139.25,34.61533067282984,False,411.0
558,139.5,34.91200412868103,False,426.6
559,139.75,31.222002154958165,False,450.9
560,140.0,30.94400117856548,False,465.3
561,140.25,32.86314413466571,False,441.8
562,140.5,26.04923398633951,False,451.2
563,140.75,27.370004459934,False,434.6
564,141.0,19.452016392440783,False,494.9
565,141.25,16.96113447422694,False,465.6
566,141.5,18.700335876589214,False,472.7
567,141.75,20.18383633269465,False,469.7
568,142.0,24.855665984928695,False,474.0
569,142.25,22.04842568832372,False,468.9
570,142.5,18.269659329481943,False,454.3
571,142.75,14.452157447689576,False,469.6
572,143.0,12.09588732258161,False,458.5
573,143.25,14.269219626818684,False,475.2
574,143.5,10.410918103504484,False,442.9
575,143.75,14.321452770678608,False,443.6
576,144.0,11.182411424009748,False,459.2
577,144.25,15.784962346239627,False,465.7
578,144.5,14.277306223348432,False,445.6
579,144.75,16.746129824436636,False,429.5
580,145.0,19.884012612766128,False,434.8
581,145.25,14.837030830956138,False,425.3
582,145.5,12.367469611566277,False,457.2
583,145.75,7.501059264661459,False,437.9
584,146.0,10.310790632168477,False,439.0
585,146.25,10.735426359115191,False,419.9
586,146.5,8.19018621775943,False,402.3
587,146.75,0.348465647797604,False,423.3
588,147.0,1.6722008874681735,False,425.5
589,147.25,4.61954706442639,False,404.3
590,147.5,3.82807515302694,False,390.1
591,147.75,9.885971993997032,False,401.4
592,148.0,4.322261659948986,False,374.4
593,148.25,8.191711286747347,False,386.2
594,148.5,11.264395189178162,False,358.9
595,148.75,8.55845781394733,False,349.8
596,149.0,17.197390546509446,False,367.8
597,149.25,9.760675016310095,False,359.4
598,149.5,9.671446307071918,False,377.9
599,149.75,9.384254426980863,False,340.4
600,150.0,9.625074135052897,False,340.4
601,150.25,14.693425884578753,False,318.5
602,150.5,16.073378701584794,False,303.3
603,150.75,17.068813786128626,False,300.5
604,151.0,16.372559092977017,False,330.4
605,151.25,15.157175663363867,False,302.2
606,151.5,11.974059308017758,False,333.4
607,151.75,14.735147061060552,False,334.8
608,152.0,16.51628917709877,False,306.4
609,152.25,12.803255556422616,False,333.1
610,152.5,13.011922197696355,False,309.5
611,152.75,15.598458850388688,False,321.1
612,153.0,17.138733026370673,False,299.3
613,153.25,14.05447652591064,False,315.9
614,153.5,23.75465993167524,False,286.5
615,153.75,20.481513616599237,False,309.5
616,154.0,23.23853049014656,False,293.1
617,154.25,20.34656511402813,False,298.2
618,154.5,17.892473664685628,False,310.2
619,154.75,16.721109676358783,False,304.1
620,155.0,17.90671737266468,False,301.6
621,155.25,22.98911818213617,False,315.2
622,155.5,22.800770792033745,False,318.1
623,155.75,20.429502796008748,False,287.5
624,156.0,17.88062361896841,False,319.1
625,156.25,22.94462485506481,False,323.5
626,156.5,23.47859955955246,False,305.3
627,156.75,24.88537027176776,False,325.6
628,157.0,27.176030297667538,False,303.6
629,157.25,25.74310018610893,False,348.8
630,157.5,25.503952663601357,False,327.7
631,157.75,30.348845634286192,False,334.4
632,158.0,29.961685812807943,False,358.0
633,158.25,27.421803203247585,False,342.5
634,158.5,22.87962930904156,False,358.4
635,158.75,24.005863151233275,False,338.6
636,159.0,25.48721296119548,False,350.7
637,159.25,25.971483322818894,False,343.5
638,159.5,31.4130767001476,False,366.4
639,159.75,33.90553559597,False,390.2
640,160.0,33.11081390405322,False,383.4
641,160.25,34.724911881094975,False,398.5
642,160.5,31.82438062829369,False,375.0
643,160.75,31.31962655446798,False,382.4
644,161.0,28.633839866449986,False,393.7
645,161.25,32.531751895124216,False,414.3
646,161.5,29.302325774210917,False,416.0
647,161.75,31.265113612444654,False,415.2
648,162.0,33.41298388698102,False,429.3
649,162.25,37.89017640668992,False,422.2
650,162.5,32.13804520511859,False,428.4
651,162.75,36.39250409056407,False,452.3
652,163.0,34.21242895708098,False,427.8
653,163.25,34.2764039187763,False,442.9
654,163.5,27.95453412687523,False,467.6
655,163.75,29.258956237358092,False,448.0
656,164.0,33.63152299556979,False,459.9
657,164.25,31.006590651452147,False,442.6
658,164.5,25.9399917856078,False,483.3
659,164.75,23.90101238877382,False,422.0
660,165.0,25.007528859884378,False,440.3
661,165.25,23.610716647015927,False,442.7
662,165.5,17.77365874608801,False,483.6
663,165.75,13.153002807973971,False,465.1
664,166.0,15.843398697776546,False,456.1
665,166.25,19.368373664674145,False,440.6
666,166.5,17.111465366904927,False,464.8
667,166.75,17.886144388412525,False,460.2
668,167.0,12.35064022698316,False,446.9
669,167.25,18.437148673816452,False,433.4
670,167.5,16.79245484269698,False,437.4
671,167.75,20.159752069425437,False,455.0
672,168.0,15.262018765729916,False,453.9
673,168.25,7.261191807004741,False,447.6
674,168.5,5.931086783755136,False,441.2
675,168.75,7.873221092348017,False,413.6
676,169.0,8.749153586639112,False,437.3
677,169.25,11.617699828279282,False,417.3
678,169.5,8.73237035404355,False,429.3
679,169.75,9.42133763470967,False,431.4
680,170.0,6.688800392475062,False,409.9
681,170.25,5.132657891158731,False,400.0
682,170.5,2.360920383460982,False,425.5
683,170.75,1.6231819329021857,False,411.0
684,171.0,4.42831736064654,False,391.2
685,171.25,5.39978371094357,False,350.6
686,171.5,4.5811249573793065,False,389.7
687,171.75,4.625413547769116,False,394.7
688,172.0,7.720074609909946,False,396.8
689,172.25,4.868773352226714,False,364.6
690,172.5,5.774524961804507,False,359.9
691,172.75,-25.97429869537645,False,257.7
692,173.0,-21.42142241713293,False,271.9
693,173.25,-21.77456473699725,False,236.7
694,173.5,-20.57827232677006,False,247.7
695,173.75,-26.150961284362097,False,230.7
696,174.0,-24.50278949012353,False,244.0
697,174.25,-22.494219096814454,False,212.2
698,174.5,15.465394012657324,False,336.9
699,174.75,11.60242086063172,False,319.8
700,175.0,17.28736227358559,False,320.1
701,175.25,13.387959496744749,False,327.7
702,175.5,20.99423317309756,False,333.7
703,175.75,22.48073098075053,False,288.0
704,176.0,26.33725790188462,False,325.8
705,176.25,24.109892430357664,False,316.6
706,176.5,25.180080720024055,False,301.7
707,176.75,20.11660557770825,False,325.3
708,177.0,22.802697917700744,False,305.6
709,177.25,21.104281803978385,False,320.9
710,177.5,19.35866033777413,False,291.8
711,177.75,19.43427378706926,False,287.2
712,178.0,21.180824317887367,False,318.4
713,178.25,18.9399224770145,False,332.6
714,178.5,19.05424699672743,False,310.2
715,178.75,17.11889191432781,False,314.9
716,179.0,20.471328055416976,False,295.6
717,179.25,19.05342305211573,False,284.4
718,179.5,20.403484203555617,False,302.7
719,179.75,27.716735219927916,False,330.8
720,180.0,31.814628876028536,False,282.8
721,180.25,34.8989550030503,False,306.1
722,180.5,34.47013505798765,False,287.8
723,180.75,31.347902826489864,False,321.5
724,181.0,33.690691689327906,False,336.5
725,181.25,34.74530083283035,False,308.6
726,181.5,32.5596872361506,False,325.2
727,181.75,33.64148739111609,False,355.4
728,182.0,32.2680753682904,False,338.7
729,182.25,29.59505749447988,False,326.0
730,182.5,32.5741666004767,False,329.6
731,182.75,36.63151434199902,False,324.1
732,183.0,37.00811098140934,False,370.9
733,183.25,38.55671091682835,False,353.2
734,183.5,40.171745204659,False,385.3
735,183.75,42.01574412643053,False,387.8
736,184.0,41.86911022032536,False,370.1
737,184.25,45.66998094623729,False,377.3
738,184.5,43.2863863138313,False,402.1
739,184.75,42.18074959159942,False,397.8
740,185.0,37.92693358829546,False,404.7
741,185.25,40.67890881242679,False,381.0
742,185.5,38.471682168870196,False,424.1
743,185.75,38.290586668791825,False,402.3
744,186.0,37.49374418801564,False,386.0
745,186.25,37.232565049874374,False,415.2
746,186.5,36.876726899966286,False,435.0
747,186.75,34.181745663574304,False,464.2
748,187.0,30.64262772719756,False,431.0
749,187.25,29.481344853232336,False,420.2
750,187.5,31.43714494282214,False,475.3
751,187.75,30.56915345902056,False,448.9
752,188.0,32.72652662275025,False,445.4
753,188.25,33.2273697160781,False,435.6
754,188.5,35.483667412726035,False,438.9
755,188.75,28.31511309243084,False,477.9
756,189.0,24.348880188489815,False,453.2
757,189.25,29.733827978012517,False,450.4
758,189.5,23.493130948973253,False,451.7
759,189.75,25.946331107635693,False,483.3
760,190.0,14.127822782356215,False,451.2
761,190.25,14.519384564398528,False,469.3
762,190.5,15.44883113963404,False,463.3
763,190.75,16.36334315935477,False,462.1
764,191.0,12.016019839782231,False,444.1
765,191.25,16.94435614924815,False,465.6
766,191.5,20.016957237023313,False,478.0
767,191.75,22.742832577817612,False,451.0
768,192.0,16.831006854699975,False,435.5
769,192.25,14.353749010118625,False,427.1
770,192.5,11.926757825575509,False,446.3
771,192.75,10.64231130482922,False,436.1
772,193.0,16.014753125134487,False,435.0
773,193.25,17.745040653271996,False,432.9
774,193.5,14.866084862792183,False,406.6
775,193.75,12.326541535607968,False,436.2
776,194.0,13.489256874369692,False,423.5
777,194.25,9.014649156988488,False,414.3
778,194.5,3.540665367033492,False,414.1
779,194.75,5.556107417873271,False,419.6
780,195.0,8.223168966504602,False,401.5
781,195.25,7.993172607272764,False,382.9
782,195.5,7.957550317665985,False,407.9
783,195.75,11.120475578107502,False,378.7
784,196.0,12.925652768409336,False,369.1
785,196.25,10.517160643308394,False,351.3
786,196.5,9.353013324603904,False,369.7
787,196.75,13.016282270313594,False,348.7
788,197.0,16.41838474272192,False,351.5
789,197.25,14.77601880493923,False,361.0
790,197.5,15.506291511273666,False,349.9
791,197.75,22.28112610104609,False,359.9
792,198.0,18.255124306135357,False,344.6
793,198.25,18.08994454545586,False,329.5
794,198.5,20.98369984479265,False,326.4
795,198.75,23.347851247462664,False,319.6
796,199.0,21.59324240135085,False,333.1
797,199.25,18.80912792768161,False,320.2
798,199.5,24.237931724512464,False,310.4
799,199.75,21.829694017691768,False,326.2
800,200.0,26.163173396453573,False,312.2
801,200.25,27.83332814718077,False,301.3
802,200.5,28.60258575001606,False,283.4
803,200.75,29.215032265520165,False,310.8
804,201.0,27.563929931601237,False,306.3
805,201.25,23.35979353539081,False,302.3
806,201.5,19.08074650253074,False,294.2
807,201.75,24.84775416061693,False,287.7
808,202.0,21.05310021621929,False,296.6
809,202.25,24.48003497180776,False,303.6
810,202.5,25.398964778632017,False,298.8
811,202.75,28.231911494338707,False,299.4
812,203.0,27.126680754251183,False,295.7
813,203.25,26.918025674523705,False,309.3
814,203.5,26.89505296027632,False,309.6
815,203.75,28.6463827778617,False,297.0
816,204.0,24.108987534378983,False,322.1
817,204.25,29.226100224626364,False,325.4
818,204.5,29.50050683826573,False,328.7
819,204.75,34.01164564221803,False,317.9
820,205.0,28.036230668567008,False,320.5
821,205.25,34.52541249216322,False,309.9
822,205.5,33.03523759128362,False,342.6
823,205.75,32.044606476349124,False,303.5
824,206.0,29.57307643470354,False,334.1
825,206.25,28.659457414917323,False,339.5
826,206.5,26.42619496771301,False,362.2
827,206.75,29.652502998291713,False,354.3
828,207.0,29.458981302303393,False,344.8
829,207.25,29.461859603486054,False,343.0
830,207.5,33.343733195660086,False,358.6
831,207.75,34.63647279781295,False,376.4
832,208.0,330.7387336429589,False,563.9
833,208.25,635.2140433354647,False,595.8
834,208.5,945.0469422466796,False,624.7
835,208.75,1247.0752510553125,False,667.2
836,209.0,1250.294785888569,True,690.7
837,209.25,949.386938848058,False,634.1
838,209.5,646.9221572319591,False,625.8
839,209.75,343.8155646427838,False,624.0
840,210.0,40.09047656404886,False,428.3
841,210.25,32.52962832108498,False,417.6
842,210.5,33.351858399726524,False,438.6
843,210.75,31.268812562521035,False,421.5
844,211.0,34.82667935018288,False,436.7
845,211.25,32.78663739364085,False,463.5
846,211.5,33.60983672114999,False,471.9
847,211.75,35.61948947487049,False,420.9
848,212.0,32.795983615202715,False,459.8
849,212.25,25.284773761261107,False,481.0
850,212.5,24.937927410744923,False,445.7
851,212.75,24.258150620288426,False,459.6
852,213.0,27.864315749668496,False,479.9
853,213.25,23.030850983361567,False,451.1
854,213.5,24.44226944071045,False,466.1
855,213.75,18.09674277892756,False,458.9
856,214.0,21.28375999464348,False,431.1
857,214.25,26.141923130730525,False,465.0
858,214.5,23.306419189900467,False,456.6
859,214.75,20.539954058999797,False,472.4
860,215.0,18.84689083633321,False,488.7
861,215.25,17.28631594457248,False,466.0
862,215.5,20.214189417067757,False,448.4
863,215.75,23.957715602032668,False,458.5
864,216.0,16.794059222318495,False,452.3
865,216.25,12.660209790242453,False,461.9
866,216.5,11.385802425410956,False,421.9
867,216.75,7.690289071223428,False,422.7
868,217.0,9.196970727090749,False,405.9
869,217.25,8.942255618063829,False,441.9
870,217.5,8.101863412669514,False,428.4
871,217.75,-16.543984297790164,False,314.8
872,218.0,-18.265012657484498,False,309.1
873,218.25,-21.39171720835988,False,306.8
874,218.5,-15.41788957985339,False,296.7
875,218.75,-14.876722431031707,False,300.9
876,219.0,-16.10569654903651,False,293.3
877,219.25,8.604926733431517,False,416.5
878,219.5,10.82589387910878,False,395.3
879,219.75,11.880603753171682,False,373.0
880,220.0,8.581590713577905,False,371.2
881,220.25,11.140303640676942,False,392.8
882,220.5,16.094477813508455,False,376.3
883,220.75,14.372718860988169,False,368.8
884,221.0,19.830389465051695,False,370.1
885,221.25,19.206028993086928,False,378.1
886,221.5,21.064233281262965,False,331.1
887,221.75,22.440935870165344,False,333.4
888,222.0,20.600053778509707,False,313.9
889,222.25,20.651664790737794,False,343.0
890,222.5,19.203698947355296,False,325.6
891,222.75,16.394966008242964,False,317.2
892,223.0,17.933422895243417,False,312.0
893,223.25,21.619906766850285,False,330.2
894,223.5,21.395805824178392,False,314.4
895,223.75,21.90499012604141,False,305.5
896,224.0,23.253888467242515,False,329.5
897,224.25,24.903602288380487,False,292.6
898,224.5,23.90791648506068,False,287.1
899,224.75,20.72276553771425,False,343.2
900,225.0,22.589767381940096,False,297.2
901,225.25,20.33061312512859,False,293.4
902,225.5,25.8107154608215,False,289.8
903,225.75,25.28610103925077,False,298.1
904,226.0,23.909285070020054,False,311.7
905,226.25,22.84412159763869,False,311.5
906,226.5,23.292950474480897,False,308.8
907,226.75,23.00652292493691,False,297.4
908,227.0,21.82445027749699,False,280.4
909,227.25,18.12475675040354,False,308.5
910,227.5,21.501558812052448,False,328.9
911,227.75,26.28423322260247,False,324.3
912,228.0,26.84273745216548,False,308.2
913,228.25,24.036434137856684,False,325.5
914,228.5,19.804636125194524,False,310.7
915,228.75,23.525653208107975,False,319.0
916,229.0,20.744455264258335,False,304.9
917,229.25,26.47469761871993,False,322.5
918,229.5,29.894383250404253,False,333.4
919,229.75,29.204645875304468,False,333.0
920,230.0,30.88483681846137,False,351.5
921,230.25,23.732071833231455,False,372.9
922,230.5,31.52724773260547,False,369.2
923,230.75,36.8486196437349,False,349.7
924,231.0,40.20867878158178,False,348.3
925,231.25,40.38507430207197,False,354.6
926,231.5,41.732751903133014,False,354.9
927,231.75,38.17567876958833,False,375.3
928,232.0,41.030368461766905,False,386.3
929,232.25,40.497044479908865,False,388.0
930,232.5,42.97917582637746,False,393.3
931,232.75,41.15114323131436,False,398.0
932,233.0,43.25882581421657,False,398.7
933,233.25,41.76654067236636,False,394.6
934,233.5,41.081259046664904,False,436.5
935,233.75,39.387714329517536,False,431.1
936,234.0,36.20537685621887,False,406.4
937,234.25,34.616667714768056,False,410.9
938,234.5,37.30733268435242,False,419.9
939,234.75,35.52165742932657,False,433.2
940,235.0,37.36499939598532,False,455.5
941,235.25,33.291624522859905,False,455.4
942,235.5,31.768874380391235,False,459.5
943,235.75,30.85204465952592,False,462.8
944,236.0,30.391126732445848,False,465.9
945,236.25,32.44419708123033,False,462.8
946,236.5,30.43384037967662,False,460.7
947,236.75,28.87037742088376,False,454.0
948,237.0,28.992066085415885,False,431.1
949,237.25,23.47368843377741,False,456.5
950,237.5,24.56186727248531,False,486.3
951,237.75,24.36854721089047,False,451.7
952,238.0,25.037471243774224,False,450.6
953,238.25,26.392532244980913,False,475.1
954,238.5,21.44497317739625,False,460.5
955,238.75,17.123208498643486,False,451.3
956,239.0,9.2573272579575,False,480.6
957,239.25,9.934192382516496,False,465.1
958,239.5,15.53318981476192,False,465.3
959,239.75,12.015573275502716,False,443.3
960,240.0,13.295165918597409,False,456.7
961,240.25,11.708327819016151,False,452.2
962,240.5,12.21862971125091,False,455.1
963,240.75,12.279657472920936,False,457.4
964,241.0,-6.92617996668278,False,353.5
965,241.25,-8.055288537601044,False,335.3
966,241.5,10.784473556522668,False,439.0
967,241.75,14.728755547937329,False,407.3
968,242.0,15.255469782110138,False,429.7
969,242.25,13.7417256785496,False,425.6
970,242.5,-6.680449882039565,False,304.8
971,242.75,-9.486978708295412,False,294.1
972,243.0,6.228324254547895,False,399.8
973,243.25,2.874784904068055,False,377.4
974,243.5,5.6000559124702125,False,395.6
975,243.75,6.28294800520361,False,389.7
976,244.0,7.572387320218907,False,365.8
977,244.25,10.339715702938598,False,375.5
978,244.5,11.854198650336723,False,385.6
979,244.75,9.294460711200324,False,380.3
980,245.0,12.766265240384728,False,374.5
981,245.25,8.844942703545549,False,352.0
982,245.5,14.331803659760954,False,344.3
983,245.75,15.01035837886313,False,338.8
984,246.0,15.395754603903494,False,348.9
985,246.25,13.78328808643948,False,370.8
986,246.5,14.239799011278492,False,352.4
987,246.75,17.780329494236994,False,351.0
988,247.0,24.000481680977515,False,343.7
989,247.25,24.12826252309429,False,295.7
990,247.5,26.1152432606128,False,313.5
991,247.75,24.939619860966715,False,307.0
992,248.0,19.377314543209327,False,329.5
993,248.25,19.61132861762757,False,333.6
994,248.5,23.917529928995823,False,296.1
995,248.75,22.079620000107823,False,304.8
996,249.0,24.3938501724553,False,311.1
997,249.25,26.829856447600996,False,294.2
998,249.5,26.133628729046887,False,291.3
999,249.75,22.473639244664085,False,290.0
1000,250.0,22.652146568883396,False,313.3
1001,250.25,24.46149848631833,False,286.5
1002,250.5,28.22859648931238,False,317.7
1003,250.75,27.47417577587185,False,302.8
1004,251.0,27.222932149946615,False,314.0
1005,251.25,23.991636086728633,False,327.4
1006,251.5,25.688854114489455,False,296.1
1007,251.75,26.014941849967165,False,296.0
1008,252.0,27.274631666918243,False,317.1
1009,252.25,23.44703116191493,False,298.0
1010,252.5,29.581898386779343,False,305.6
1011,252.75,24.350157251848145,False,318.2
1012,253.0,27.15072582840572,False,325.8
1013,253.25,26.16636288090296,False,308.6
1014,253.5,26.268702615233547,False,325.6
1015,253.75,26.823172739417913,False,344.3
1016,254.0,26.565890075815624,False,360.1
1017,254.25,23.705482964674378,False,315.2
1018,254.5,29.925006567932662,False,368.9
1019,254.75,26.07242692445983,False,367.5
1020,255.0,28.844163611886003,False,343.1
1021,255.25,30.69347424042553,False,342.4
1022,255.5,37.05282265077701,False,375.8
1023,255.75,31.40357876547893,False,368.5
1024,256.0,28.52188195089967,False,382.0
1025,256.25,25.709624622816893,False,398.1
1026,256.5,34.34143598076548,False,384.9
1027,256.75,35.42710530603956,False,398.0
1028,257.0,38.86225187730133,False,407.8
1029,257.25,38.42089176465976,False,419.0
1030,257.5,39.81973232947442,False,436.9
1031,257.75,38.374792927895975,False,440.8
1032,258.0,37.171869257049785,False,423.6
1033,258.25,38.470186655390776,False,420.9
1034,258.5,39.74817868212397,False,464.2
1035,258.75,39.12412018267805,False,442.3
1036,259.0,37.27658816066459,False,443.0
1037,259.25,36.14279088423154,False,423.7
1038,259.5,35.50968707702854,False,455.1
1039,259.75,31.393005090055365,False,434.9
1040,260.0,26.936142113013968,False,442.4
1041,260.25,30.67309053551808,False,431.8
1042,260.5,28.40083381761927,False,446.2
1043,260.75,23.1552825620915,False,456.7
1044,261.0,26.755527290300357,False,434.9
1045,261.25,26.176410533588676,False,445.1
1046,261.5,23.72162588493873,False,458.2
1047,261.75,24.888798440888515,False,441.0
1048,262.0,22.215032343685667,False,441.3
1049,262.25,19.02102093798861,False,447.4
1050,262.5,18.01581328752401,False,438.3
1051,262.75,20.26909253993888,False,467.6
1052,263.0,22.665257657659744,False,442.4
1053,263.25,16.073656084498328,False,467.2
1054,263.5,17.26636862902287,False,467.7
1055,263.75,23.213063976875432,False,433.9
1056,264.0,20.52878157805749,False,449.9
1057,264.25,19.95051484659136,False,439.4
1058,264.5,16.32576637318387,False,426.5
1059,264.75,10.902452930736011,False,435.1
1060,265.0,10.602056086483872,False,433.0
1061,265.25,11.640082858263652,False,443.4
1062,265.5,10.112971328813275,False,444.0
1063,265.75,8.836110517442382,False,408.0
1064,266.0,4.706901694558504,False,413.9
1065,266.25,6.101188057410849,False,423.3
1066,266.5,11.884897037297584,False,428.2
1067,266.75,12.378417417812166,False,369.2
1068,267.0,12.999268079199952,False,419.8
1069,267.25,12.063909823852052,False,393.1
1070,267.5,8.060895334127848,False,413.4
1071,267.75,14.401608224289737,False,378.9
1072,268.0,10.86268082980479,False,367.6
1073,268.25,6.755536102226324,False,375.4
1074,268.5,7.676385113823312,False,387.1
1075,268.75,5.276542536443223,False,364.9
1076,269.0,8.192702711781651,False,324.0
1077,269.25,4.382292548954165,False,364.5
1078,269.5,9.60613910451153,False,325.3
1079,269.75,16.006475582493795,False,330.0
1080,270.0,16.233501712201228,False,322.6
1081,270.25,19.460759188972027,False,308.0
1082,270.5,18.20767158956308,False,312.5
1083,270.75,20.435199834915345,False,312.5
1084,271.0,20.380704905420817,False,314.3
1085,271.25,21.786187560700633,False,319.1
1086,271.5,17.874926457198733,False,311.5
1087,271.75,20.605377379720792,False,291.3
1088,272.0,17.154893067578328,False,308.0
1089,272.25,20.55105827800808,False,322.8
1090,272.5,21.78548334944023,False,320.3
1091,272.75,19.013397731067176,False,306.3
1092,273.0,18.143288406405137,False,312.0
1093,273.25,23.808119486591984,False,314.9
1094,273.5,21.447616513047503,False,321.1
1095,273.75,22.19377425819199,False,325.6
1096,274.0,24.087552348296004,False,295.2
1097,274.25,18.5318849730554,False,296.1
1098,274.5,19.20546619686072,False,322.8
1099,274.75,23.342344999524727,False,325.0
1100,275.0,22.770742502180596,False,325.8
1101,275.25,26.28470581071491,False,269.1
1102,275.5,24.839648233742487,False,302.8
1103,275.75,27.450687741924007,False,259.4
1104,276.0,29.369570162739343,False,321.7
1105,276.25,30.001418418264127,False,314.3
1106,276.5,31.191686100379545,False,317.3
1107,276.75,27.556404443005867,False,317.8
1108,277.0,21.141018323779345,False,343.0
1109,277.25,26.337568040531032,False,322.9
1110,277.5,30.958830300728337,False,346.8
1111,277.75,34.27752911529815,False,343.9
1112,278.0,29.88496392227396,False,345.4
1113,278.25,26.452020037456176,False,351.6
1114,278.5,30.95178656790324,False,351.0
1115,278.75,33.995768194048125,False,337.9
1116,279.0,35.75847929406721,False,370.0
1117,279.25,38.66374719595389,False,375.1
1118,279.5,36.698802637522626,False,367.4
1119,279.75,34.78117137026563,False,385.7
1120,280.0,35.1374994974057,False,393.5
1121,280.25,37.18881924862501,False,366.0
1122,280.5,35.32566620845697,False,388.3
1123,280.75,40.20509262287491,False,389.0
1124,281.0,39.052560137816,False,387.1
1125,281.25,38.312202438261494,False,410.5
1126,281.5,31.01825759134701,False,398.0
1127,281.75,35.41745334456858,False,408.9
1128,282.0,35.35422718410438,False,423.7
1129,282.25,32.12816179288753,False,429.7
1130,282.5,43.43905249499495,False,433.5
1131,282.75,41.72707916832155,False,466.3
1132,283.0,37.8124814251192,False,429.0
1133,283.25,38.14574269517295,False,443.9
1134,283.5,34.15692778146629,False,425.4
1135,283.75,28.040217144984044,False,453.7
1136,284.0,30.195060830312293,False,466.6
1137,284.25,34.587677098927614,False,470.0
1138,284.5,31.309916533239125,False,444.4
1139,284.75,26.94153663200349,False,451.6
1140,285.0,28.035315497760067,False,476.2
1141,285.25,25.76862402235523,False,457.1
1142,285.5,28.372611785825793,False,473.7
1143,285.75,28.219917579694773,False,445.2
1144,286.0,22.273943916969756,False,480.8
1145,286.25,19.02145886734208,False,475.2
1146,286.5,20.354851528520637,False,466.3
1147,286.75,23.694385447238712,False,446.5
1148,287.0,20.62356793748317,False,454.9
1149,287.25,21.52663437128008,False,458.0
1150,287.5,17.40839419410791,False,457.9
1151,287.75,10.007398057545911,False,450.2
1152,288.0,15.368486576387426,False,446.0
1153,288.25,19.99124065689684,False,449.4
1154,288.5,18.990733715902756,False,464.4
1155,288.75,15.335284142846186,False,410.0
1156,289.0,14.3508399675801,False,416.0
1157,289.25,9.37349550537846,False,409.6
1158,289.5,13.616285483402448,False,418.4
1159,289.75,10.777711139859406,False,398.3
1160,290.0,7.697817169290468,False,428.3
1161,290.25,10.34858694730488,False,416.8
1162,290.5,6.934503076201528,False,406.8
1163,290.75,10.423180884106014,False,395.5
1164,291.0,10.657539890112533,False,403.1
1165,291.25,9.08235383434394,False,398.3
1166,291.5,9.936787999070242,False,395.4
1167,291.75,8.190907832739802,False,374.3
1168,292.0,8.60335043699897,False,389.7
1169,292.25,13.356124619483715,False,352.7
1170,292.5,11.52589704308258,False,388.3
1171,292.75,13.137408783253836,False,318.2
1172,293.0,13.017828653523845,False,350.4
1173,293.25,15.338595524325886,False,336.3
1174,293.5,15.392477939103529,False,361.2
1175,293.75,13.566255063637778,False,322.3
1176,294.0,11.687506089762255,False,367.3
1177,294.25,9.415075015351263,False,312.4
1178,294.5,11.28484274030356,False,361.7
1179,294.75,7.021245157972778,False,334.0
1180,295.0,6.77254344683049,False,323.9
1181,295.25,16.16899342207857,False,326.4
1182,295.5,9.139791593933836,False,349.4
1183,295.75,10.364639073186064,False,326.9
1184,296.0,11.930934343931703,False,277.2
1185,296.25,19.29153521192604,False,326.2
1186,296.5,15.02873565961401,False,309.6
1187,296.75,17.804577090306324,False,280.0
1188,297.0,17.540258153734143,False,314.1
1189,297.25,18.62363495893402,False,283.4
1190,297.5,18.442417879003813,False,303.4
1191,297.75,16.263492931367388,False,303.7
1192,298.0,20.75762012747728,False,290.3
1193,298.25,22.997744544976317,False,309.9
1194,298.5,24.301058927912084,False,285.4
1195,298.75,24.39990149077886,False,304.4
1196,299.0,26.03390560029999,False,294.5
1197,299.25,23.81607331443602,False,301.5
1198,299.5,24.08215510960868,False,334.9
1199,299.75,26.09217655241583,False,309.9
1200,300.0,29.119747310603003,False,294.4
1201,300.25,25.7908164637512,False,311.7
1202,300.5,19.703755532430595,False,305.0
1203,300.75,20.426913376248837,False,320.3
1204,301.0,21.20534399422911,False,325.9
1205,301.25,19.820784735296584,False,328.5
1206,301.5,25.01057733425828,False,332.6
1207,301.75,21.29221839826368,False,327.4
1208,302.0,24.337939965877176,False,346.7
1209,302.25,23.201794928594826,False,360.5
1210,302.5,19.760212093205222,False,340.1
1211,302.75,24.07646635508105,False,353.4
1212,303.0,29.123093076456676,False,360.2
1213,303.25,30.594284538047106,False,383.2
1214,303.5,23.66078306023033,False,385.7
1215,303.75,32.426125872370605,False,363.8
1216,304.0,29.600803102452712,False,381.1
1217,304.25,31.88625515928861,False,362.8
1218,304.5,31.686378925108933,False,376.0
1219,304.75,39.58847816737106,False,395.8
1220,305.0,37.96730447001365,False,410.2
1221,305.25,35.32186526257864,False,420.0
1222,305.5,29.418881385237455,False,406.0
1223,305.75,30.061084826750076,False,395.1
1224,306.0,23.022386372722256,False,426.0
1225,306.25,26.995755560329584,False,421.9
1226,306.5,31.307271082669978,False,435.1
1227,306.75,27.09385788016447,False,435.1
1228,307.0,28.052704934321653,False,447.3
1229,307.25,28.141368830187982,False,450.0
1230,307.5,30.979550828652496,False,456.1
1231,307.75,25.146146052539535,False,439.6
1232,308.0,25.00668761680228,False,464.2
1233,308.25,25.22131868815354,False,444.2
1234,308.5,21.64072006525392,False,455.2
1235,308.75,26.3530352908215,False,483.7
1236,309.0,26.04599653165227,False,462.6
1237,309.25,26.095874645024715,False,441.0
1238,309.5,20.41892282052881,False,481.7
1239,309.75,19.13364171991551,False,474.8
1240,310.0,20.12894212835328,False,477.1
1241,310.25,18.676355284476394,False,462.8
1242,310.5,16.901899894165087,False,464.5
1243,310.75,10.682616751033702,False,455.0
1244,311.0,11.1033106402232,False,446.8
1245,311.25,13.813504349812218,False,478.7
1246,311.5,14.301126299064936,False,448.4
1247,311.75,13.570374960706298,False,444.5
1248,312.0,11.004559217009906,False,442.6
1249,312.25,15.146460731166934,False,474.5
1250,312.5,17.825586679405774,False,456.6
1251,312.75,19.203285036973917,False,434.6
1252,313.0,13.743129922971232,False,435.9
1253,313.25,14.985915931244282,False,440.4
1254,313.5,11.71186063482645,False,441.9
1255,313.75,5.834156867257746,False,400.3
1256,314.0,7.208358430119402,False,433.6
1257,314.25,7.049196370440951,False,412.1
1258,314.5,8.905374168624,False,400.3
1259,314.75,8.153727955784657,False,399.9
1260,315.0,1.7011903933861845,False,412.6
1261,315.25,2.4630785857065938,False,422.0
1262,315.5,5.241582464882981,False,392.7
1263,315.75,-3.0271460436606823,False,293.6
1264,316.0,2.535778988000642,False,367.8
1265,316.25,1.4662832789674418,False,382.1
1266,316.5,5.597834289829344,False,381.9
1267,316.75,8.533047398924408,False,342.1
1268,317.0,11.490719434687415,False,351.6
1269,317.25,14.577175136940678,False,366.1
1270,317.5,10.683591164374832,False,323.0
1271,317.75,15.38961514620308,False,339.0
1272,318.0,11.811587924622504,False,349.0
1273,318.25,13.86739500978138,False,310.2
1274,318.5,18.837352804692394,False,325.3
1275,318.75,21.477132234748396,False,328.1
1276,319.0,17.978877881065568,False,336.8
1277,319.25,18.359653411379536,False,300.7
1278,319.5,19.994154705983,False,333.2
1279,319.75,17.381085343381162,False,318.1
1280,320.0,15.289443742975203,False,328.7
1281,320.25,15.111613101501366,False,325.7
1282,320.5,17.588428970754237,False,311.2
1283,320.75,16.746391589279025,False,311.5
1284,321.0,18.13710691799348,False,276.6
1285,321.25,13.285863306642666,False,281.3
1286,321.5,18.695603100476973,False,285.6
1287,321.75,19.433621732748655,False,295.0
1288,322.0,18.21091691156394,False,314.0
1289,322.25,19.74426213898554,False,273.4
1290,322.5,19.5194580912404,False,295.9
1291,322.75,18.978125608122628,False,281.7
1292,323.0,18.077481723873625,False,279.4
1293,323.25,18.02723864174891,False,326.4
1294,323.5,22.8955392759985,False,307.6
1295,323.75,26.83337467137021,False,332.8
1296,324.0,24.685638573512257,False,328.5
1297,324.25,31.714773399917675,False,299.7
1298,324.5,26.90530161806144,False,288.7
1299,324.75,24.32924817702647,False,350.9
1300,325.0,25.78874012155477,False,317.4
1301,325.25,25.5796284911958,False,310.1
1302,325.5,26.69350122647999,False,341.7
1303,325.75,29.418971042534164,False,337.6
1304,326.0,26.363432071468193,False,329.9
1305,326.25,27.99670685588129,False,339.4
1306,326.5,26.79481884812611,False,351.8
1307,326.75,26.0270313278893,False,355.4
1308,327.0,26.066669915125587,False,370.6
1309,327.25,29.228577558769945,False,359.1
1310,327.5,32.63554085629867,False,364.4
1311,327.75,34.48263103790558,False,383.8
1312,328.0,30.197262666116153,False,384.7
1313,328.25,31.12277883473345,False,401.6
1314,328.5,37.13831212736734,False,386.7
1315,328.75,36.37103349894515,False,394.1
1316,329.0,36.43419468565766,False,383.4
1317,329.25,34.28976575867359,False,428.2
1318,329.5,36.55728440898506,False,389.7
1319,329.75,36.38763015095188,False,418.4
1320,330.0,34.20076841314093,False,406.6
1321,330.25,28.057443881064614,False,429.5
1322,330.5,24.104971037390825,False,439.9
1323,330.75,24.70720677235694,False,408.2
1324,331.0,31.045372339961524,False,433.4
1325,331.25,29.245409537805905,False,413.8
1326,331.5,31.55927543774296,False,464.5
1327,331.75,29.518075384171475,False,439.9
1328,332.0,30.39675828245029,False,425.6
1329,332.25,26.76174716551496,False,441.2
1330,332.5,28.751696101648587,False,473.6
1331,332.75,26.33213921618594,False,478.1
1332,333.0,23.557903116093023,False,476.3
1333,333.25,17.03700851251939,False,446.7
1334,333.5,22.255946121040736,False,457.0
1335,333.75,18.315226090596624,False,484.3
1336,334.0,13.80924903188975,False,449.0
1337,334.25,18.100934192774876,False,454.8
1338,334.5,20.78755068473612,False,445.0
1339,334.75,16.73194446342977,False,441.0
1340,335.0,16.223505873200477,False,475.4
1341,335.25,15.757227970958706,False,465.2
1342,335.5,13.06783800060928,False,460.7
1343,335.75,7.775331591622136,False,460.4
1344,336.0,9.66824345477936,False,464.6
1345,336.25,7.678560531547373,False,469.2
1346,336.5,10.22938480874564,False,443.4
1347,336.75,9.91664439874864,False,435.0
1348,337.0,10.641642121391094,False,421.2
1349,337.25,10.430411996604954,False,449.0
1350,337.5,8.674405874909095,False,421.0
1351,337.75,9.665725805676836,False,402.0
1352,338.0,6.994080167143765,False,416.0
1353,338.25,9.93182504916436,False,415.7
1354,338.5,8.741821514640572,False,423.1
1355,338.75,7.387371937205006,False,420.8
1356,339.0,0.7194808256603444,False,389.7
1357,339.25,1.7730879963373134,False,383.6
1358,339.5,5.741456450373461,False,385.5
1359,339.75,3.794725718954137,False,367.1
1360,340.0,7.522301349452821,False,378.4
1361,340.25,5.151109852345652,False,381.7
1362,340.5,11.284187861179744,False,370.2
1363,340.75,14.577770367321946,False,340.2
1364,341.0,12.2778842503263,False,341.4
1365,341.25,11.609831794698474,False,373.6
1366,341.5,11.478974979047774,False,334.2
1367,341.75,17.336511243175487,False,355.7
1368,342.0,13.775523535470224,False,349.5
1369,342.25,21.80435530801173,False,330.7
1370,342.5,16.96799816788689,False,316.3
1371,342.75,14.045587791063202,False,330.4
1372,343.0,17.411707025313863,False,310.1
1373,343.25,14.76760980040378,False,317.2
1374,343.5,13.262938534118906,False,318.1
1375,343.75,17.98144805487882,False,302.7
1376,344.0,20.616617760644708,False,307.3
1377,344.25,24.149566908055267,False,303.6
1378,344.5,26.330035014674095,False,287.6
1379,344.75,28.36330787898351,False,301.4
1380,345.0,29.31856421582019,False,293.2
1381,345.25,27.693545588776978,False,274.2
1382,345.5,29.29629156109815,False,295.6
1383,345.75,24.91913501065712,False,295.9
1384,346.0,27.54823272159301,False,290.9
1385,346.25,25.827831386299017,False,269.2
1386,346.5,29.16778614982424,False,312.3
1387,346.75,33.60410029583525,False,311.8
1388,347.0,27.31791160603511,False,312.5
1389,347.25,31.05633561239537,False,309.1
1390,347.5,33.95256926669417,False,287.2
1391,347.75,33.27868612344018,False,310.1
1392,348.0,33.069883967086426,False,296.8
1393,348.25,29.853252339613547,False,346.3
1394,348.5,30.68246107044855,False,308.7
1395,348.75,35.04414785319107,False,329.9
1396,349.0,34.62971276191476,False,300.1
1397,349.25,36.931594792459286,False,309.6
1398,349.5,35.94304707005399,False,323.3
1399,349.75,34.43869416833655,False,346.1
1400,350.0,34.636125343823636,False,348.2
1401,350.25,42.14516391200199,False,348.9
1402,350.5,31.648512066268975,False,321.6
1403,350.75,27.82309335311689,False,371.3
1404,351.0,34.862618013188964,False,345.4
1405,351.25,36.35448161307767,False,388.6
1406,351.5,34.30349338690779,False,397.6
1407,351.75,36.55962246421949,False,387.2
1408,352.0,35.90988850570537,False,394.8
1409,352.25,32.42947589898313,False,366.3
1410,352.5,36.10979026947065,False,429.2
1411,352.75,35.12779425348943,False,398.9
1412,353.0,41.57776696273014,False,415.7
1413,353.25,44.30941403194641,False,392.8
1414,353.5,42.85135640934977,False,409.6
1415,353.75,37.956512926037526,False,397.6
1416,354.0,35.72230699454065,False,416.4
1417,354.25,40.62666817123174,False,424.7
1418,354.5,40.22745892129497,False,432.5
1419,354.75,37.100769324866064,False,453.7
1420,355.0,34.91465257606351,False,443.8
1421,355.25,34.34849097038965,False,443.8
1422,355.5,32.6767198729275,False,444.0
1423,355.75,30.526660254362707,False,476.7
1424,356.0,31.448957964642805,False,440.6
1425,356.25,18.70222121138692,False,469.6
1426,356.5,21.13273753493202,False,424.5
1427,356.75,26.98185775096209,False,442.6
1428,357.0,31.605490093523425,False,463.4
1429,357.25,26.688660846242136,False,456.0
1430,357.5,27.899939162428808,False,504.4
1431,357.75,22.714707778408865,False,498.5
1432,358.0,23.29782908110616,False,437.2
1433,358.25,19.49218769949612,False,443.8
1434,358.5,16.84178928072459,False,457.2
1435,358.75,18.20846803751197,False,484.6
1436,359.0,14.127931633080651,False,474.3
1437,359.25,17.121226451156858,False,460.7
1438,359.5,15.812644082364066,False,432.7
1439,359.75,13.173645535674488,False,439.1
1440,360.0,13.196988307428343,False,409.0
1441,360.25,14.672216264078688,False,423.5
1442,360.5,12.438301219946627,False,449.9
1443,360.75,16.989652822194017,False,452.0
1444,361.0,15.200662939890778,False,417.1
1445,361.25,15.883137722278551,False,434.4
1446,361.5,14.976863598865862,False,453.2
1447,361.75,-2.818233717103992,False,327.0
1448,362.0,-6.066195045649792,False,315.5
1449,362.25,3.659172506287113,False,424.6
1450,362.5,9.57624164597148,False,418.6
1451,362.75,8.402283128920141,False,407.0
1452,363.0,3.2620691229735597,False,392.7
1453,363.25,-0.615761003831528,False,289.3
1454,363.5,4.037604074539081,False,391.9
1455,363.75,10.70790375766112,False,377.1
1456,364.0,16.3265625280957,False,400.1
1457,364.25,10.871371286043896,False,388.2
1458,364.5,10.19872929790529,False,386.0
1459,364.75,14.58585591781543,False,394.9
1460,365.0,11.495163937474594,False,383.1
1461,365.25,15.049136400726187,False,375.6
1462,365.5,13.64779647135555,False,355.0
1463,365.75,14.524062555170657,False,341.8
1464,366.0,15.01217555343328,False,374.6
1465,366.25,16.379220632844202,False,325.5
1466,366.5,14.515231958999484,False,322.1
1467,366.75,16.77873654242585,False,314.3
1468,367.0,20.5038128651513,False,326.7
1469,367.25,16.893536652626345,False,326.2
1470,367.5,15.625780420043132,False,332.0
1471,367.75,19.406056184476867,False,310.2
1472,368.0,26.983982193791046,False,284.8
1473,368.25,26.79953381394061,False,313.1
1474,368.5,24.868867196718824,False,320.8
1475,368.75,21.65873512997408,False,304.8
1476,369.0,21.356704913710477,False,300.8
1477,369.25,27.99267970198887,False,310.0
1478,369.5,27.77351367263252,False,322.2
1479,369.75,25.11661610576898,False,299.2
1480,370.0,25.66733313626852,False,278.8
1481,370.25,21.902450786428936,False,291.8
1482,370.5,27.06755210181414,False,298.3
1483,370.75,25.724202921124594,False,274.6
1484,371.0,27.35812478588739,False,314.3
1485,371.25,25.492881355626963,False,292.8
1486,371.5,23.818594467922512,False,313.8
1487,371.75,23.116405928861184,False,311.2
1488,372.0,23.290083698425907,False,306.1
1489,372.25,29.771875668204853,False,337.9
1490,372.5,24.434257430607495,False,308.1
1491,372.75,25.435894846876927,False,309.8
1492,373.0,25.505215029762553,False,327.9
1493,373.25,26.967796430026464,False,339.9
1494,373.5,27.59811191750036,False,331.3
1495,373.75,26.50294922441032,False,320.8
1496,374.0,30.79652252959645,False,350.4
1497,374.25,28.873625107144147,False,353.7
1498,374.5,32.530839275110786,False,380.5
1499,374.75,32.202711969535734,False,351.0
1500,375.0,34.28486094961828,False,362.5
1501,375.25,37.152755661445156,False,355.9
1502,375.5,29.995440610270464,False,347.3
1503,375.75,29.467121599170532,False,375.9
1504,376.0,27.60770735939915,False,392.8
1505,376.25,35.83125036597442,False,370.0
1506,376.5,38.65635071613125,False,380.3
1507,376.75,41.52524353242127,False,378.0
1508,377.0,44.439125706943365,False,420.8
1509,377.25,37.06152293703431,False,396.2
1510,377.5,38.1974882008555,False,419.3
1511,377.75,41.911748351859586,False,402.4
1512,378.0,42.7180432522443,False,421.1
1513,378.25,41.02356767834763,False,415.1
1514,378.5,41.98802461854214,False,393.5
1515,378.75,40.236116554124635,False,433.9
1516,379.0,40.0234409378404,False,444.5
1517,379.25,40.046625642680446,False,408.9
1518,379.5,35.809746480499506,False,440.9
1519,379.75,36.42262339894759,False,440.0
1520,380.0,29.60154898292996,False,433.1
1521,380.25,29.04780611359344,False,448.0
1522,380.5,26.401724837179493,False,424.8
1523,380.75,28.355080177691985,False,459.5
1524,381.0,22.27977183933775,False,475.1
1525,381.25,20.398905380515167,False,439.5
1526,381.5,21.720841542043537,False,458.3
1527,381.75,20.73261715112777,False,481.2
1528,382.0,28.886609637924348,False,461.8
1529,382.25,26.047469100821125,False,452.1
1530,382.5,28.500877205282315,False,445.7
1531,382.75,28.615468399185488,False,461.1
1532,383.0,22.166142144589728,False,455.3
1533,383.25,20.60544391078787,False,465.2
1534,383.5,17.032055100153663,False,431.1
1535,383.75,16.28143149094451,False,467.9
1536,384.0,19.23147940889772,False,443.2
1537,384.25,15.018036957145046,False,456.2
1538,384.5,15.54005424968842,False,432.6
1539,384.75,8.04560392162166,False,420.7
1540,385.0,11.445007812869632,False,428.1
1541,385.25,7.997350173133943,False,418.4
1542,385.5,9.103067071205672,False,423.1
1543,385.75,-8.402918640538832,False,334.2
1544,386.0,-9.72589273772168,False,336.2
1545,386.25,-12.05107268148368,False,318.4
1546,386.5,-15.337335255914262,False,302.5
1547,386.75,-17.08972972182191,False,298.9
1548,387.0,6.834344679434941,False,409.6
1549,387.25,4.076016806014624,False,412.7
1550,387.5,-1.109783201030213,False,285.6
1551,387.75,-0.4591551040659816,False,283.3
1552,388.0,7.2320484117409025,False,368.7
1553,388.25,15.179456141872574,False,377.9
1554,388.5,17.841652990142318,False,383.9
1555,388.75,18.020741680482008,False,320.8
1556,389.0,18.885192909177555,False,363.1
1557,389.25,19.86038785579951,False,346.0
1558,389.5,20.618016455266417,False,314.5
1559,389.75,19.54541550186467,False,349.3
1560,390.0,18.219220098190913,False,338.7
1561,390.25,16.63117984558903,False,341.1
1562,390.5,17.946731367476357,False,310.8
1563,390.75,24.323248139307807,False,359.3
1564,391.0,23.493261614815424,False,325.1
1565,391.25,22.92546247072302,False,314.7
1566,391.5,23.240718647757156,False,339.4
1567,391.75,17.640228085540656,False,323.3
1568,392.0,23.82048573074906,False,323.2
1569,392.25,19.269311198144404,False,325.7
1570,392.5,23.098727760930444,False,275.0
1571,392.75,20.862600525157287,False,329.3
1572,393.0,20.962942334789183,False,297.5
1573,393.25,17.488164296159276,False,305.8
1574,393.5,19.23980686240245,False,314.5
1575,393.75,19.94611911000328,False,289.5
1576,394.0,21.6006153641168,False,304.8
1577,394.25,20.305661056750424,False,311.6
1578,394.5,19.374749762860056,False,300.1
1579,394.75,22.82408754945936,False,309.0
1580,395.0,20.75064805147855,False,278.6
1581,395.25,31.53294121362402,False,286.4
1582,395.5,31.85607467250415,False,288.8
1583,395.75,28.41207601286496,False,313.8
1584,396.0,25.55275252435578,False,366.9
1585,396.25,24.7266818154391,False,317.4
1586,396.5,22.156669651279778,False,314.3
1587,396.75,20.02861648388639,False,318.9
1588,397.0,19.86556735591151,False,338.2
1589,397.25,26.452542993709777,False,338.0
1590,397.5,30.20560944500056,False,314.1
1591,397.75,37.52935878242365,False,350.8
1592,398.0,40.11021407285122,False,339.6
1593,398.25,37.51776199534098,False,356.9
1594,398.5,29.9315233073269,False,319.4
1595,398.75,32.996173902958155,False,331.0
1596,399.0,36.99494026633841,False,368.2
1597,399.25,36.89951196620112,False,337.4
1598,399.5,38.12346076929967,False,375.4
1599,399.75,38.827648791015086,False,379.8
1600,400.0,37.748086374004,False,382.2
1601,400.25,36.31784293815555,False,390.6
1602,400.5,38.238129918177215,False,394.4
1603,400.75,42.46951572561271,False,402.3
1604,401.0,43.488965239660025,False,394.6
1605,401.25,42.78698950400589,False,405.4
1606,401.5,44.35002862386216,False,454.6
1607,401.75,37.21593912147625,False,432.4
1608,402.0,39.84779544217001,False,429.2
1609,402.25,38.289267511080865,False,430.3
1610,402.5,38.02953219238724,False,417.8
1611,402.75,29.23798290871912,False,436.1
1612,403.0,31.951229471796584,False,432.9
1613,403.25,33.51711798487064,False,454.3
1614,403.5,33.41265614110172,False,429.7
1615,403.75,29.72785652862267,False,411.1
1616,404.0,27.453688904426443,False,440.9
1617,404.25,26.433990987275216,False,462.2
1618,404.5,21.158467374740177,False,490.8
1619,404.75,25.618306008145332,False,471.1
1620,405.0,27.072030809620937,False,442.6
1621,405.25,28.582136088314872,False,455.2
1622,405.5,29.80427865023179,False,445.1
1623,405.75,33.88983528476375,False,457.0
1624,406.0,26.23598432448614,False,446.5
1625,406.25,24.396420018461473,False,435.2
1626,406.5,21.56108449449995,False,466.0
1627,406.75,20.076270813061782,False,461.4
1628,407.0,23.812121112960895,False,454.7
1629,407.25,16.834182533986684,False,460.9
1630,407.5,17.756467937314763,False,484.4
1631,407.75,16.41083613314844,False,453.5
1632,408.0,17.43022355038277,False,443.6
1633,408.25,15.595887016436508,False,459.5
1634,408.5,13.990437418779068,False,418.8
1635,408.75,15.72074593757396,False,451.5
1636,409.0,14.78716438661949,False,425.0
1637,409.25,8.749013128646542,False,420.5
1638,409.5,9.276470063462344,False,430.4
1639,409.75,-17.808587760434527,False,349.5
1640,410.0,-17.243732250570044,False,308.8
1641,410.25,-13.880099739778604,False,329.7
1642,410.5,16.25749472082848,False,416.3
1643,410.75,9.735135698011264,False,384.9
1644,411.0,-17.946752040107036,False,314.4
1645,411.25,-19.344750385222618,False,283.2
1646,411.5,-16.471551416907804,False,268.4
1647,411.75,-16.52515366186774,False,273.4
1648,412.0,-16.909108855753644,False,269.1
1649,412.25,-17.085688025147412,False,283.6
1650,412.5,-15.790662133086547,False,258.6
1651,412.75,9.392297675496156,False,386.8
1652,413.0,8.203314754446192,False,362.6
1653,413.25,15.001636085424892,False,343.5
1654,413.5,16.040510124911727,False,336.9
1655,413.75,23.37613004942452,False,348.0
1656,414.0,20.59294172672609,False,309.6
1657,414.25,22.39638642025315,False,302.9
1658,414.5,22.4962031971473,False,318.0
1659,414.75,24.481575557007694,False,336.7
1660,415.0,20.07824250466432,False,326.1
1661,415.25,22.295035098380147,False,320.2
1662,415.5,20.50318808033113,False,313.3
1663,415.75,18.692977272313176,False,280.8
1664,416.0,17.610601722436613,False,305.8
1665,416.25,22.8673229463189,False,281.6
1666,416.5,27.913978843868573,False,318.6
1667,416.75,27.521875935746195,False,304.1
1668,417.0,32.31958969904879,False,301.4
1669,417.25,24.16943590181664,False,307.5
1670,417.5,20.679060837991717,False,305.5
1671,417.75,20.438657422662555,False,303.7
1672,418.0,20.041443792893173,False,305.2
1673,418.25,17.816008396030288,False,291.3
1674,418.5,18.836550259741877,False,280.7
1675,418.75,19.13740013517076,False,306.7
1676,419.0,21.658686783803365,False,324.4
1677,419.25,20.471759049587934,False,319.4
1678,419.5,20.554896963981932,False,302.9
1679,419.75,24.436936996541192,False,317.4
1680,420.0,23.37270391238808,False,304.1
1681,420.25,26.06202576845606,False,319.2
1682,420.5,32.45266598601183,False,307.4
1683,420.75,32.195699574191686,False,322.0
1684,421.0,35.097097061228254,False,353.5
1685,421.25,36.3921994951921,False,338.8
1686,421.5,36.47401150577809,False,353.8
1687,421.75,38.83625917640125,False,324.0
1688,422.0,35.72480289719595,False,329.7
1689,422.25,34.98813359218594,False,344.0
1690,422.5,32.90634344901103,False,357.7
1691,422.75,31.14474918032508,False,351.2
1692,423.0,39.86100137888005,False,374.5
1693,423.25,38.651150483575286,False,356.1
1694,423.5,35.286952554956486,False,390.0
1695,423.75,35.665836760062646,False,389.3
1696,424.0,38.93739235283547,False,363.3
1697,424.25,39.45222963789698,False,394.0
1698,424.5,38.122731709232895,False,387.1
1699,424.75,44.95768628092058,False,410.9
1700,425.0,42.15087310954898,False,392.6
1701,425.25,45.367191292717735,False,410.4
1702,425.5,40.992980746634224,False,418.8
1703,425.75,42.871597928312745,False,374.1
1704,426.0,35.354203998040425,False,391.8
1705,426.25,36.53575799127686,False,426.4
1706,426.5,34.1271726160692,False,426.8
1707,426.75,28.648133321080575,False,448.0
1708,427.0,30.539641881038985,False,440.0
1709,427.25,34.32643685183349,False,421.1
1710,427.5,33.071688950582924,False,448.4
1711,427.75,30.45732253350284,False,435.3
1712,428.0,31.15298027748307,False,445.8
1713,428.25,32.268793612462595,False,444.1
1714,428.5,32.517001199282035,False,459.1
1715,428.75,33.57301752618119,False,434.4
1716,429.0,29.64785145822309,False,440.5
1717,429.25,29.0435001350585,False,425.1
1718,429.5,23.88370858504693,False,491.5
1719,429.75,25.56958204947268,False,444.8
1720,430.0,27.16327315296805,False,447.0
1721,430.25,27.467669647367252,False,442.5
1722,430.5,20.34776039686704,False,449.6
1723,430.75,15.172817683073625,False,451.9
1724,431.0,16.0020198974676,False,466.5
1725,431.25,15.7371690526435,False,458.4
1726,431.5,20.2420254140276,False,458.8
1727,431.75,17.29020771577909,False,442.9
1728,432.0,17.420836355082425,False,448.2
1729,432.25,15.396572398386995,False,464.8
1730,432.5,19.73338821451736,False,443.1
1731,432.75,17.130699742392302,False,444.7
1732,433.0,22.62660857973357,False,406.1
1733,433.25,18.9429987658461,False,440.5
1734,433.5,14.339989523204142,False,432.6
1735,433.75,13.9718436182307,False,443.8
1736,434.0,9.985467831395749,False,378.7
1737,434.25,9.418544484404418,False,415.7
1738,434.5,11.011471271637957,False,408.7
1739,434.75,8.483391802461524,False,406.9
1740,435.0,4.900341176884538,False,391.1
1741,435.25,9.703860821761063,False,398.6
1742,435.5,8.818562931116123,False,400.8
1743,435.75,5.471741168102993,False,385.7
1744,436.0,8.243036589150151,False,375.4
1745,436.25,4.575890536511707,False,371.3
1746,436.5,7.428475022787325,False,363.5
1747,436.75,9.617469598083645,False,364.7
1748,437.0,10.901062325679128,False,348.3
1749,437.25,14.769105082542811,False,324.1
1750,437.5,19.565137889217137,False,369.4
1751,437.75,17.076141185782728,False,317.9
1752,438.0,18.681391774612763,False,337.9
1753,438.25,20.78411792285599,False,315.6
1754,438.5,24.22624602796401,False,326.6
1755,438.75,18.82643645102818,False,312.4
1756,439.0,19.46913336780461,False,322.4
1757,439.25,20.898044788855625,False,306.8
1758,439.5,23.498711374401047,False,296.7
1759,439.75,21.05475454069176,False,317.7
1760,440.0,25.472690679790716,False,330.3
1761,440.25,25.33933982714587,False,313.0
1762,440.5,26.437064033898356,False,307.2
1763,440.75,19.27892319757188,False,288.0
1764,441.0,26.48123820926825,False,301.0
1765,441.25,28.036517580574575,False,307.7
1766,441.5,27.18369295828261,False,290.4
1767,441.75,26.68615644929123,False,313.1
1768,442.0,21.4154030906559,False,298.8
1769,442.25,23.377904379480743,False,304.9
1770,442.5,21.403769861303303,False,292.6
1771,442.75,25.76128197204945,False,293.6
1772,443.0,35.400422455529345,False,305.4
1773,443.25,31.92251681129014,False,309.4
1774,443.5,34.80573445717331,False,310.7
1775,443.75,34.44154431410804,False,292.4
1776,444.0,36.602656909227136,False,299.1
1777,444.25,32.92982831355883,False,312.5
1778,444.5,25.40945811533584,False,288.0
1779,444.75,24.048099730940457,False,334.8
1780,445.0,24.349756718587848,False,327.5
1781,445.25,25.61454849569499,False,327.1
1782,445.5,25.237804684907275,False,319.9
1783,445.75,28.586123214512742,False,347.1
1784,446.0,31.838905720997023,False,335.2
1785,446.25,28.97344101025056,False,372.4
1786,446.5,29.165445134153433,False,354.5
1787,446.75,32.10099440174422,False,331.2
1788,447.0,40.44427249424136,False,369.5
1789,447.25,37.04665898245316,False,355.7
1790,447.5,34.320024785845064,False,361.0
1791,447.75,37.39047167686326,False,370.4
1792,448.0,37.180761868906146,False,377.3
1793,448.25,34.30324967670419,False,388.2
1794,448.5,35.26069962137048,False,401.1
1795,448.75,32.37168080429359,False,401.6
1796,449.0,28.630683992130663,False,389.0
1797,449.25,31.68000319214376,False,384.6
1798,449.5,38.14523098199026,False,397.7
1799,449.75,41.978728091287955,False,420.0
1800,450.0,38.58633397885864,False,432.2
1801,450.25,38.45330960085996,False,450.6
1802,450.5,39.88707926176418,False,407.7
1803,450.75,40.63789143945156,False,433.1
1804,451.0,39.698648308524014,False,432.3
1805,451.25,39.483444779100715,False,433.3
1806,451.5,32.16224051171651,False,444.7
1807,451.75,27.1656014428645,False,441.9
1808,452.0,27.608795256578528,False,444.4
1809,452.25,23.19900515314427,False,441.2
1810,452.5,23.601674051496857,False,459.0
1811,452.75,21.47093093450624,False,470.7
1812,453.0,21.077858559019266,False,480.9
1813,453.25,21.184487289667675,False,449.7
1814,453.5,21.51077501951507,False,442.6
1815,453.75,22.4746447024186,False,455.0
1816,454.0,19.685204538261573,False,446.6
1817,454.25,19.184129630493565,False,474.4
1818,454.5,19.79604055293156,False,446.1
1819,454.75,22.504330328878105,False,458.7
1820,455.0,21.09056999090903,False,436.2
1821,455.25,18.311299915966888,False,449.6
1822,455.5,17.28718099859711,False,455.9
1823,455.75,19.784265666257728,False,473.8
1824,456.0,17.81046315776094,False,438.0
1825,456.25,13.95284374056517,False,451.2
1826,456.5,13.252804550734252,False,411.4
1827,456.75,11.91059266692308,False,421.1
1828,457.0,14.651284000601931,False,423.4
1829,457.25,8.841119575231998,False,424.4
1830,457.5,12.904944319100377,False,434.3
1831,457.75,11.69587377035365,False,433.0
1832,458.0,14.209553298575925,False,395.0
1833,458.25,-11.333087397604428,False,322.4
1834,458.5,-17.38469523683582,False,293.0
1835,458.75,10.335485034593637,False,432.3
1836,459.0,9.009720740171868,False,404.5
1837,459.25,6.709500801675903,False,397.0
1838,459.5,7.46232402860466,False,386.8
1839,459.75,-31.89739133104019,False,283.8
1840,460.0,-28.058918836223953,False,279.1
1841,460.25,-33.58101926558772,False,263.5
1842,460.5,-31.27980109927281,False,279.8
1843,460.75,-30.56255269354315,False,267.5
1844,461.0,-27.378111973323865,False,269.6
1845,461.25,10.284312453380885,False,352.4
1846,461.5,16.665452316698904,False,358.6
1847,461.75,16.903686057657126,False,332.3
1848,462.0,15.4184012271166,False,392.5
1849,462.25,16.737628775961714,False,323.9
1850,462.5,16.99425474183012,False,323.7
1851,462.75,16.415717989217672,False,340.7
1852,463.0,17.327799803822334,False,341.0
1853,463.25,21.740373064963023,False,307.0
1854,463.5,17.071155858815217,False,290.6
1855,463.75,14.502076512562237,False,291.6
1856,464.0,14.390423837517972,False,294.9
1857,464.25,16.79658519524575,False,295.5
1858,464.5,20.94255888696666,False,302.7
1859,464.75,16.32523633845868,False,318.7
1860,465.0,13.546386197102803,False,318.0
1861,465.25,20.78604159489667,False,291.4
1862,465.5,21.767569344329033,False,307.8
1863,465.75,18.71711080160274,False,312.4
1864,466.0,26.63841022869061,False,320.1
1865,466.25,25.719331958511113,False,296.8
1866,466.5,25.026921647596467,False,288.5
1867,466.75,24.93865322985212,False,311.8
1868,467.0,28.582196256621636,False,324.5
1869,467.25,32.26322359724146,False,295.4
1870,467.5,31.189109673604715,False,334.3
1871,467.75,24.681399203613488,False,333.0
1872,468.0,26.40935892795,False,305.8
1873,468.25,23.25512895496525,False,289.0
1874,468.5,24.225166431729846,False,306.6
1875,468.75,23.703028666546068,False,313.6
1876,469.0,23.808988534615786,False,330.4
1877,469.25,22.989227284231628,False,301.2
1878,469.5,23.448615547960976,False,366.8
1879,469.75,19.32164636222296,False,369.7
1880,470.0,21.67688763430523,False,328.1
1881,470.25,20.785512525562726,False,315.7
1882,470.5,27.16754471323507,False,345.8
1883,470.75,32.47183537890871,False,359.6
1884,471.0,36.72007072500709,False,378.5
1885,471.25,33.839498063276906,False,374.0
1886,471.5,27.03048493784679,False,365.5
1887,471.75,26.58850035742807,False,344.2
1888,472.0,28.38552846061873,False,386.6
1889,472.25,32.7875857392462,False,396.8
1890,472.5,33.01087183006917,False,384.7
1891,472.75,31.733642151334408,False,398.7
1892,473.0,29.3285725339591,False,402.7
1893,473.25,29.110927986366484,False,401.0
1894,473.5,31.52639663473799,False,392.2
1895,473.75,31.783898892360288,False,419.5
1896,474.0,29.376134398859477,False,397.7
1897,474.25,29.32108867817446,False,444.4
1898,474.5,28.680185179530884,False,414.1
1899,474.75,28.871904753446486,False,439.1
1900,475.0,25.51257768916196,False,424.5
1901,475.25,30.406258684729416,False,444.8
1902,475.5,26.64845121122608,False,439.2
1903,475.75,24.44530516244288,False,453.4
1904,476.0,21.530077364780027,False,436.3
1905,476.25,19.19656925479773,False,426.2
1906,476.5,17.883890041703438,False,448.6
1907,476.75,19.07466516571396,False,449.4
1908,477.0,21.0167409315722,False,433.6
1909,477.25,17.89775857811478,False,447.0
1910,477.5,16.499069297303844,False,433.1
1911,477.75,22.472709586896872,False,460.4
1912,478.0,22.586990935168014,False,453.3
1913,478.25,20.704697249382072,False,458.9
1914,478.5,20.71816400748428,False,497.2
1915,478.75,16.825764189520303,False,459.7
1916,479.0,14.482531900041913,False,461.8
1917,479.25,15.52719570959999,False,464.0
1918,479.5,16.995245772752348,False,450.7
1919,479.75,19.07340036151519,False,441.8
1920,480.0,10.032261715040818,False,461.3
1921,480.25,15.549162699180634,False,460.8
1922,480.5,14.408987375784704,False,398.6
1923,480.75,15.676757778585786,False,436.6
1924,481.0,13.7038252928044,False,430.3
1925,481.25,11.78232698388598,False,423.1
1926,481.5,12.795813623168437,False,446.2
1927,481.75,9.443864942781367,False,415.3
1928,482.0,6.279767357130574,False,431.8
1929,482.25,9.634887048369013,False,406.1
1930,482.5,9.684621343838348,False,403.3
1931,482.75,8.969670821980412,False,415.5
1932,483.0,10.867611938887803,False,388.5
1933,483.25,9.356883217692149,False,392.0
1934,483.5,7.289059374598658,False,372.7
1935,483.75,5.911419397180525,False,370.8
1936,484.0,10.549588005641912,False,389.7
1937,484.25,12.390417775516363,False,382.4
1938,484.5,17.101141244777338,False,351.2
1939,484.75,16.361409877838625,False,345.5
1940,485.0,11.80398193854982,False,396.3
1941,485.25,9.08772866038184,False,343.5
1942,485.5,9.177480785796444,False,335.1
1943,485.75,10.487315832215952,False,351.1
1944,486.0,10.614984819052731,False,327.2
1945,486.25,10.30414862639929,False,328.9
1946,486.5,17.74846169978332,False,343.5
1947,486.75,17.745599012195328,False,341.0
1948,487.0,16.309308873579607,False,319.3
1949,487.25,11.158844518137457,False,338.8
1950,487.5,10.741912630816683,False,313.2
1951,487.75,18.798623097744695,False,308.7
1952,488.0,19.9692387243706,False,309.4
1953,488.25,18.735089498495014,False,302.4
1954,488.5,18.27092454246911,False,312.8
1955,488.75,24.536680263764232,False,307.3
1956,489.0,20.823084191568537,False,289.9
1957,489.25,20.182484841030565,False,303.0
1958,489.5,22.121230527642822,False,291.4
1959,489.75,21.013574632701268,False,290.3
1960,490.0,24.13263186106677,False,296.7
1961,490.25,24.269777928221348,False,314.2
1962,490.5,21.72780195114378,False,303.6
1963,490.75,19.325855540639076,False,319.4
1964,491.0,22.9043294064096,False,325.0
1965,491.25,22.433185358473715,False,302.5
1966,491.5,15.985898066216258,False,295.8
1967,491.75,17.415192284062996,False,295.2
1968,492.0,19.71469653582461,False,313.7
1969,492.25,22.01543681874492,False,325.3
1970,492.5,22.01397244277936,False,339.1
1971,492.75,23.621705280416233,False,299.1
1972,493.0,19.24411549214409,False,336.1
1973,493.25,19.26973136642593,False,342.1
1974,493.5,19.076385925827623,False,366.7
1975,493.75,20.33379092355788,False,337.2
1976,494.0,24.457386512473548,False,338.4
1977,494.25,25.856023511631783,False,320.7
1978,494.5,30.765308117213277,False,336.6
1979,494.75,27.994371451279957,False,336.6
1980,495.0,29.53703678069351,False,343.0
1981,495.25,25.737115281112487,False,349.8
1982,495.5,31.291279392698865,False,345.5
1983,495.75,33.47498581454286,False,372.3
1984,496.0,29.38748288108374,False,384.7
1985,496.25,33.48476243034197,False,395.6
1986,496.5,27.96336750056577,False,387.9
1987,496.75,27.222548264772463,False,410.4
1988,497.0,28.08926275770009,False,415.6
1989,497.25,30.366903446563036,False,381.9
1990,497.5,34.74096400011606,False,405.5
1991,497.75,28.85057007414884,False,395.6
1992,498.0,24.663818991031512,False,404.3
1993,498.25,29.60416803998804,False,426.2
1994,498.5,24.578560298217916,False,425.8
1995,498.75,28.367595149716305,False,453.7
1996,499.0,29.282093390083947,False,466.3
1997,499.25,30.800181442974303,False,445.5
1998,499.5,29.849173188198108,False,439.6
1999,499.75,25.010752388921176,False,443.4
2000,500.0,22.95184495365684,False,448.1
2001,500.25,18.468317164853396,False,459.4
2002,500.5,18.3059145799587,False,442.0
2003,500.75,18.78646752318854,False,463.6
2004,501.0,17.649499936261506,False,452.7
2005,501.25,19.342416077967155,False,473.4
2006,501.5,13.780422263788244,False,478.8
2007,501.75,13.509967066122648,False,485.0
2008,502.0,12.50773155579188,False,456.8
2009,502.25,17.56857154279854,False,438.7
2010,502.5,22.760694983191016,False,433.2
2011,502.75,21.561337182068996,False,453.2
2012,503.0,23.873897340685243,False,435.2
2013,503.25,23.79191564805027,False,430.2
2014,503.5,20.03721004768886,False,447.8
2015,503.75,19.894321193927304,False,436.1
2016,504.0,15.3695354250976,False,458.8
2017,504.25,14.611153846650131,False,474.8
2018,504.5,11.123162677903062,False,439.3
2019,504.75,9.797397533700828,False,444.1
2020,505.0,14.165913172293582,False,412.1
2021,505.25,9.176069564329865,False,434.7
2022,505.5,7.325957114101651,False,417.4
2023,505.75,6.459124274125548,False,407.2
2024,506.0,5.716027646992954,False,391.3
2025,506.25,5.057367884398072,False,438.6
2026,506.5,8.239065601395716,False,385.7
2027,506.75,11.4270601198308,False,386.9
2028,507.0,13.210181871283286,False,400.1
2029,507.25,6.225720650501087,False,399.2
2030,507.5,7.040771881141165,False,394.1
2031,507.75,12.03816712296772,False,386.2
2032,508.0,10.816050122598794,False,365.9
2033,508.25,13.659669285387926,False,385.6
2034,508.5,16.10927779960954,False,371.8
2035,508.75,15.330573903149496,False,342.0
2036,509.0,16.536776063684794,False,382.7
2037,509.25,14.620546114798865,False,348.5
2038,509.5,14.218771540868564,False,363.0
2039,509.75,13.614877972699324,False,322.2
2040,510.0,17.515869630179463,False,321.5
2041,510.25,23.05455511465569,False,326.3
2042,510.5,23.75998459652699,False,320.3
2043,510.75,20.398370575298785,False,341.9
2044,511.0,21.03747964515501,False,298.5
2045,511.25,21.6283305454279,False,321.7
2046,511.5,20.25665341078475,False,300.8
2047,511.75,20.74475999346251,False,320.7
2048,512.0,26.755486472762225,False,313.3
2049,512.25,24.933080070947483,False,299.4
2050,512.5,26.240924193444023,False,338.9
2051,512.75,24.708295431018364,False,303.0
2052,513.0,19.70349753490691,False,318.6
2053,513.25,20.547652130948624,False,281.1
2054,513.5,18.81122845073201,False,298.3
2055,513.75,22.25689777975722,False,301.0
2056,514.0,23.863286722283043,False,301.6
2057,514.25,27.745201153221593,False,294.5
2058,514.5,28.593315949489288,False,287.8
2059,514.75,29.95873823449215,False,254.6
2060,515.0,28.283842063641597,False,293.7
2061,515.25,28.07108333029724,False,290.0
2062,515.5,20.660922354399432,False,301.8
2063,515.75,19.200358766789,False,320.7
2064,516.0,18.43161064022873,False,343.5
2065,516.25,25.393767892738165,False,321.0
2066,516.5,24.046964047054068,False,331.4
2067,516.75,25.068235233082103,False,328.9
2068,517.0,26.546853975986387,False,333.9
2069,517.25,25.62637085287857,False,335.7
2070,517.5,23.074114838517655,False,327.0
2071,517.75,26.21126068140171,False,330.3
2072,518.0,30.210736725990905,False,344.6
2073,518.25,31.808341063211586,False,371.3
2074,518.5,38.68227456978684,False,360.8
2075,518.75,44.32795681687311,False,378.2
2076,519.0,38.32750550235366,False,339.6
2077,519.25,176.02955871172406,False,535.7
2078,519.5,316.6918456612509,False,557.0
2079,519.75,462.6690256465243,False,578.6
2080,520.0,604.1156906782995,False,569.6
2081,520.25,744.9006193950835,False,581.9
2082,520.5,887.9499791353347,False,597.2
2083,520.75,888.7908184573035,True,628.3
2084,521.0,742.398782528236,False,660.0
2085,521.25,600.2092226653157,False,618.8
2086,521.5,458.9772721132826,False,588.2
2087,521.75,317.21666271348255,False,602.1
2088,522.0,177.81756461368667,False,583.1
2089,522.25,37.53364049995692,False,426.9
2090,522.5,37.77735842896077,False,421.8
2091,522.75,43.085803229938726,False,413.2
2092,523.0,41.21483166521845,False,428.5
2093,523.25,35.83969770750912,False,450.8
2094,523.5,37.52920695009176,False,448.0
2095,523.75,36.67742055566528,False,464.8
2096,524.0,34.26712701099353,False,433.2
2097,524.25,33.23555308833677,False,467.5
2098,524.5,35.77155331062877,False,454.9
2099,524.75,34.96089993491516,False,458.7
2100,525.0,30.47220101156493,False,476.1
2101,525.25,21.64515974232479,False,456.6
2102,525.5,20.592569204422485,False,463.3
2103,525.75,19.44022009317648,False,469.6
2104,526.0,16.44547831294075,False,469.9
2105,526.25,14.156652018243603,False,472.3
2106,526.5,19.76641198947492,False,479.0
2107,526.75,11.689143415215884,False,466.7
2108,527.0,16.98236905786436,False,451.0
2109,527.25,19.263100409080128,False,492.8
2110,527.5,7.407527618748883,False,453.8
2111,527.75,12.202332527189686,False,457.8
2112,528.0,14.546757957609962,False,438.5
2113,528.25,15.540403170979214,False,414.2
2114,528.5,15.545347683355164,False,432.3
2115,528.75,15.611009344905918,False,441.6
2116,529.0,11.907160367130858,False,445.0
2117,529.25,12.17385819992669,False,433.7
2118,529.5,11.92427035448704,False,441.1
2119,529.75,8.56089851903993,False,439.8
2120,530.0,13.22692852981958,False,435.4
2121,530.25,13.398918230191834,False,416.0
2122,530.5,14.783256622389878,False,412.4
2123,530.75,14.06993673545534,False,403.1
2124,531.0,12.577248445464788,False,388.2
2125,531.25,11.332824373708682,False,417.6
2126,531.5,11.443796736450343,False,372.4
2127,531.75,9.59942866427568,False,384.7
2128,532.0,11.02988454013606,False,384.0
2129,532.25,10.321120061322564,False,343.3
2130,532.5,12.383882181996375,False,381.3
2131,532.75,12.867752452771583,False,359.7
2132,533.0,15.776453506182374,False,363.3
2133,533.25,18.07494945737101,False,349.9
2134,533.5,20.8341832285994,False,327.0
2135,533.75,20.815895925691663,False,348.2
2136,534.0,23.714650934987812,False,342.2
2137,534.25,20.7611088873035,False,351.1
2138,534.5,22.4367907942912,False,339.0
2139,534.75,22.05230872280764,False,302.6
2140,535.0,20.660043859557547,False,340.6
2141,535.25,22.586147591326935,False,332.4
2142,535.5,23.039618215985456,False,328.7
2143,535.75,21.710990025229528,False,321.4
2144,536.0,17.470837371523185,False,300.8
2145,536.25,17.799496975566043,False,316.9
2146,536.5,16.707097930487983,False,301.3
2147,536.75,16.69194745710814,False,348.1
2148,537.0,17.39959155034075,False,299.8
2149,537.25,26.761698365099456,False,285.5
2150,537.5,28.42715538255832,False,296.2
2151,537.75,24.408944117049348,False,322.4
2152,538.0,27.195460710608735,False,292.1
2153,538.25,24.075293340742245,False,264.2
2154,538.5,21.94923912458119,False,323.4
2155,538.75,25.202655256226972,False,307.1
2156,539.0,26.09443194366984,False,295.9
2157,539.25,24.36459960316812,False,315.6
2158,539.5,23.788292585241148,False,292.9
2159,539.75,30.567051297838972,False,291.3
2160,540.0,30.105622340361393,False,325.7
2161,540.25,31.20516829931024,False,306.4
2162,540.5,36.87982242242925,False,325.1
2163,540.75,38.1939431956266,False,320.7
2164,541.0,35.53190671097417,False,336.6
2165,541.25,37.38365469896321,False,329.5
2166,541.5,36.864934966751385,False,301.2
2167,541.75,34.879182710504075,False,346.4
2168,542.0,35.50312032380611,False,333.5
2169,542.25,33.05656097171239,False,358.5
2170,542.5,31.825446782050292,False,351.7
2171,542.75,35.37190738035023,False,376.3
2172,543.0,32.765430657304314,False,355.2
2173,543.25,32.26526265424216,False,334.2
2174,543.5,30.314814166425823,False,365.4
2175,543.75,36.255966681410214,False,383.1
2176,544.0,31.965625570460396,False,375.5
2177,544.25,35.045173649232474,False,378.8
2178,544.5,38.296473830955726,False,413.2
2179,544.75,38.4427871122744,False,394.0
2180,545.0,38.110179653693294,False,417.1
2181,545.25,37.26366332170908,False,408.6
2182,545.5,40.41319979556284,False,389.5
2183,545.75,40.858497831615466,False,401.9
2184,546.0,38.79600059878424,False,415.9
2185,546.25,44.994036909048674,False,429.7
2186,546.5,40.61698720729522,False,417.1
2187,546.75,35.54290022985802,False,412.1
2188,547.0,35.99450297123339,False,422.0
2189,547.25,35.95693997297236,False,432.9
2190,547.5,33.61192021386395,False,430.8
2191,547.75,37.19503979573849,False,438.4
2192,548.0,32.36308442633933,False,477.8
2193,548.25,31.350393698867144,False,456.5
2194,548.5,29.980333047663265,False,442.2
2195,548.75,29.028158747455254,False,456.2
2196,549.0,22.995127002805845,False,481.5
2197,549.25,20.56600466125509,False,468.8
2198,549.5,21.450791155631496,False,458.4
2199,549.75,23.30777751080177,False,440.1
2200,550.0,23.656575194789298,False,435.1
2201,550.25,23.19711972798339,False,455.3
2202,550.5,18.87070713504813,False,458.3
2203,550.75,16.50531726891822,False,434.6
2204,551.0,19.041827845047916,False,437.8
2205,551.25,12.687258085618398,False,455.7
2206,551.5,12.754042323139991,False,421.2
2207,551.75,7.882023648918807,False,426.4
2208,552.0,5.306723322263252,False,449.0
2209,552.25,10.143293940254924,False,455.5
2210,552.5,12.341950469744658,False,448.8
2211,552.75,12.79895191375335,False,455.7
2212,553.0,16.005957523926508,False,460.8
2213,553.25,19.702627122799186,False,446.7
2214,553.5,15.841599422526407,False,425.3
2215,553.75,11.51163166953921,False,457.0
2216,554.0,11.254864357509213,False,445.8
2217,554.25,11.833660748774523,False,430.1
2218,554.5,9.08686989065451,False,399.0
2219,554.75,14.73078522036636,False,412.3
2220,555.0,11.882675417106974,False,369.9
2221,555.25,8.59326157840994,False,391.2
2222,555.5,9.204078808898055,False,353.7
2223,555.75,6.244292255338803,False,379.6
2224,556.0,7.99596298849599,False,396.0
2225,556.25,7.224122628754202,False,375.7
2226,556.5,7.465111246098623,False,394.5
2227,556.75,5.644914128082353,False,365.1
2228,557.0,7.968413151593526,False,361.5
2229,557.25,8.232174787933266,False,350.5
2230,557.5,9.2466668775567,False,358.1
2231,557.75,13.914423350298753,False,344.8
2232,558.0,20.645698938993196,False,358.8
2233,558.25,17.12960961545101,False,360.5
2234,558.5,15.802596810388268,False,337.7
2235,558.75,19.033188004876006,False,311.2
2236,559.0,19.50500397122008,False,332.6
2237,559.25,23.07967056380676,False,341.0
2238,559.5,22.874316744923643,False,327.1
2239,559.75,22.58616110836255,False,318.7
2240,560.0,24.468893808533625,False,325.7
2241,560.25,23.582460980829936,False,328.9
2242,560.5,23.20861329489894,False,267.8
2243,560.75,18.46115459912309,False,327.9
2244,561.0,22.51723130626863,False,315.2
2245,561.25,27.9162114674146,False,309.6
2246,561.5,24.90954816043762,False,293.2
2247,561.75,25.878858698592033,False,304.4
2248,562.0,26.31292179324745,False,310.0
2249,562.25,24.482861722121086,False,278.8
2250,562.5,18.457720972247063,False,312.8
2251,562.75,21.772627578012106,False,303.5
2252,563.0,22.828198708729612,False,325.6
2253,563.25,27.3915465240828,False,315.3
2254,563.5,22.34610833702068,False,304.3
2255,563.75,20.26151142929523,False,310.0
2256,564.0,30.184912822244023,False,321.3
2257,564.25,26.88027547823832,False,316.6
2258,564.5,28.336305764297546,False,325.7
2259,564.75,28.34323880528635,False,310.1
2260,565.0,29.40190528612923,False,305.6
2261,565.25,25.735796017322063,False,319.6
2262,565.5,27.479532391961936,False,310.8
2263,565.75,26.77827420741245,False,324.8
2264,566.0,28.32620091217029,False,346.2
2265,566.25,27.999526268819892,False,321.0
2266,566.5,32.23221403731497,False,331.8
2267,566.75,29.05339986633104,False,366.2
2268,567.0,28.68798586396441,False,352.2
2269,567.25,29.384722143753052,False,365.1
2270,567.5,28.804727606274728,False,351.9
2271,567.75,36.073739868519375,False,360.0
2272,568.0,37.45466426512267,False,376.3
2273,568.25,39.3565516720024,False,410.6
2274,568.5,42.08928984295846,False,398.0
2275,568.75,44.93863177936497,False,371.4
2276,569.0,51.09189331430234,False,408.3
2277,569.25,42.16265499613047,False,420.5
2278,569.5,43.66492409534011,False,421.9
2279,569.75,37.83944771271346,False,397.9
2280,570.0,33.719204032032444,False,419.9
2281,570.25,35.726113549239756,False,457.2
2282,570.5,32.473085006110004,False,415.6
2283,570.75,26.93487664459732,False,438.7
2284,571.0,24.263830502641305,False,426.2
2285,571.25,17.7113319285981,False,422.0
2286,571.5,21.2705569204173,False,437.9
2287,571.75,27.259161663248655,False,462.9
2288,572.0,31.07414768914387,False,467.6
2289,572.25,28.47630234022648,False,439.4
2290,572.5,30.134336576115867,False,447.7
2291,572.75,32.04007826203124,False,443.3
2292,573.0,27.20426375661067,False,427.0
2293,573.25,27.225433895836687,False,468.5
2294,573.5,29.04281895878012,False,483.6
2295,573.75,21.76945288723971,False,483.3
2296,574.0,19.309934050620363,False,453.9
2297,574.25,16.912805372532787,False,480.7
2298,574.5,13.365203958993714,False,476.6
2299,574.75,13.453854994864107,False,454.4
2300,575.0,22.069431693765925,False,458.2
2301,575.25,16.082306885845185,False,451.2
2302,575.5,15.63777244797314,False,458.5
2303,575.75,16.449508217724464,False,480.0
2304,576.0,17.27824024752512,False,436.4
2305,576.25,17.574911083038902,False,429.6
2306,576.5,11.645402825269738,False,457.6
2307,576.75,10.424129598816815,False,442.1
2308,577.0,13.308677070014213,False,409.2
2309,577.25,9.688473996061044,False,418.6
2310,577.5,12.98517608920604,False,417.4
2311,577.75,13.663585615740246,False,416.4
2312,578.0,12.985482789653808,False,425.9
2313,578.25,-10.008555683989442,False,331.4
2314,578.5,-13.605074666375504,False,309.3
2315,578.75,-14.92311420999901,False,309.1
2316,579.0,-16.09810592732599,False,290.6
2317,579.25,-8.896672855281988,False,312.0
2318,579.5,-8.993075448746499,False,311.7
2319,579.75,-5.6277521057313535,False,282.4
2320,580.0,11.318707988468583,False,370.0
2321,580.25,12.15328797791514,False,407.0
2322,580.5,18.617038941486086,False,384.6
2323,580.75,18.673341277395828,False,352.2
2324,581.0,0.924275066370332,False,335.1
2325,581.25,-3.7924414146088097,False,251.0
2326,581.5,1.6787419283807496,False,368.5
2327,581.75,6.657391509806079,False,337.6
2328,582.0,4.854524791705152,False,337.5
2329,582.25,24.92565457632336,False,329.4
2330,582.5,20.743842147396485,False,342.3
2331,582.75,15.799043135413422,False,349.4
2332,583.0,23.789110463053877,False,305.8
2333,583.25,21.26446068268974,False,316.7
2334,583.5,24.49360693614742,False,314.8
2335,583.75,22.474737982603457,False,305.4
2336,584.0,19.63804564089105,False,294.0
2337,584.25,20.972352016604372,False,321.8
2338,584.5,17.256219681435404,False,309.7
2339,584.75,19.938038935956477,False,316.3
2340,585.0,26.081588134222457,False,326.7
2341,585.25,24.46423844251172,False,297.3
2342,585.5,25.75999847393883,False,310.1
2343,585.75,27.79111626258225,False,295.4
2344,586.0,29.72705202130685,False,299.9
2345,586.25,27.675511684839716,False,306.5
2346,586.5,30.829064031513624,False,299.5
2347,586.75,27.607196562505383,False,280.2
2348,587.0,28.42862054385852,False,326.7
2349,587.25,29.83675698296423,False,307.8
2350,587.5,31.02524431656957,False,290.2
2351,587.75,31.701642555432688,False,276.4
2352,588.0,33.11289526303367,False,311.7
2353,588.25,28.25659023316707,False,324.6
2354,588.5,29.77954616059622,False,333.0
2355,588.75,30.839750591420657,False,338.0
2356,589.0,30.712910012665137,False,319.0
2357,589.25,35.032933230717646,False,338.3
2358,589.5,35.580994293955406,False,309.5
2359,589.75,30.638392119419077,False,339.2
2360,590.0,27.40638810558398,False,355.1
2361,590.25,30.18164243366185,False,336.8
2362,590.5,36.04978189725106,False,348.3
2363,590.75,34.346544515285814,False,357.2
2364,591.0,32.814922395488956,False,362.7
2365,591.25,34.28953955964874,False,388.1
2366,591.5,38.44495657896879,False,354.7
2367,591.75,39.33452004693885,False,396.2
2368,592.0,35.309106512378456,False,362.6
2369,592.25,379.43376450577455,False,564.5
2370,592.5,727.9219647927422,False,602.9
2371,592.75,1080.7977977832911,False,653.7
2372,593.0,1428.5673936015985,False,687.5
2373,593.25,1780.8611231906357,False,742.4
2374,593.5,1783.6744704102875,True,740.5
2375,593.75,1495.263561507027,False,749.3
2376,594.0,1204.6528733624443,False,697.6
2377,594.25,915.7739444674364,False,663.6
2378,594.5,619.5591638888111,False,647.6
2379,594.75,330.9652738092414,False,626.2
2380,595.0,41.021215561529104,False,435.1
2381,595.25,39.375308040447514,False,424.8
2382,595.5,31.56767773947239,False,432.7
2383,595.75,31.58933365161982,False,450.5
2384,596.0,30.26474277242202,False,463.1
2385,596.25,32.70389979980487,False,460.3
2386,596.5,28.61264283985022,False,454.0
2387,596.75,27.57081079459259,False,465.6
2388,597.0,26.75295370921006,False,451.2
2389,597.25,25.138424821870256,False,463.7
2390,597.5,24.564176031843527,False,482.0
2391,597.75,24.603164475467985,False,477.9
2392,598.0,18.967161779204535,False,481.7
2393,598.25,21.11871650995901,False,455.6
2394,598.5,18.63774389724278,False,463.7
2395,598.75,15.585442840151249,False,444.6
2396,599.0,13.79964362199902,False,472.4
2397,599.25,19.711475845187707,False,450.7
2398,599.5,21.252849652925203,False,435.4
2399,599.75,18.772303577321946,False,445.6
2400,600.0,20.95006241538499,False,454.4
2401,600.25,14.661230202162145,False,414.7
2402,600.5,14.88962118290854,False,423.5
2403,600.75,18.005768272548664,False,456.3
2404,601.0,13.795898097249008,False,439.3
2405,601.25,7.859210629700971,False,433.4
2406,601.5,9.519212686239715,False,405.8
2407,601.75,9.122150127290144,False,449.5
2408,602.0,7.427649244007236,False,436.7
2409,602.25,5.217822378945213,False,427.2
2410,602.5,10.597648357711993,False,395.2
2411,602.75,11.47102708487437,False,415.7
2412,603.0,11.428160709868653,False,419.1
2413,603.25,11.246993132459142,False,392.0
2414,603.5,12.097230742452314,False,388.0
2415,603.75,9.07521807478676,False,379.4
2416,604.0,6.56643388265293,False,390.3
2417,604.25,9.94353138155856,False,372.5
2418,604.5,13.563520101500776,False,366.1
2419,604.75,11.908287456039824,False,343.8
2420,605.0,10.237658883469326,False,335.6
2421,605.25,19.69951926715112,False,369.6
2422,605.5,18.60015095114292,False,374.3
2423,605.75,16.71400656051684,False,358.8
2424,606.0,21.417317684403702,False,362.5
2425,606.25,14.888434062555536,False,328.7
2426,606.5,13.83805424665458,False,331.8
2427,606.75,15.474338833246096,False,334.1
2428,607.0,17.936983025725137,False,322.2
2429,607.25,23.61694903480801,False,346.1
2430,607.5,18.799237079511283,False,297.8
2431,607.75,19.078117939968088,False,306.1
2432,608.0,16.078647607843838,False,306.7
2433,608.25,16.28007592638736,False,298.8
2434,608.5,24.188680513798833,False,319.9
2435,608.75,27.534704380036068,False,275.5
2436,609.0,25.096984161905024,False,321.0
2437,609.25,26.487731077077576,False,316.3
2438,609.5,24.49019163679232,False,306.6
2439,609.75,33.1144380574142,False,322.3
2440,610.0,29.617633209198413,False,336.4
2441,610.25,25.049245037410344,False,304.1
2442,610.5,29.724367743574852,False,312.9
2443,610.75,27.52623964225373,False,308.7
2444,611.0,31.364541195572897,False,311.8
2445,611.25,33.782811478749124,False,298.0
2446,611.5,34.083301565235175,False,296.6
2447,611.75,30.446723524722437,False,318.7
2448,612.0,32.085710100912735,False,304.2
2449,612.25,31.774886883992423,False,328.8
2450,612.5,30.891611286575863,False,329.9
2451,612.75,33.63423676616451,False,314.6
2452,613.0,30.16156932137736,False,330.3
2453,613.25,31.259411641516976,False,329.8
2454,613.5,30.79176074250749,False,330.7
2455,613.75,32.518405197162025,False,354.0
2456,614.0,28.71317806402849,False,342.1
2457,614.25,27.21266288718357,False,349.6
2458,614.5,30.67978137813262,False,321.8
2459,614.75,25.30954060393519,False,364.7
2460,615.0,21.771774588819223,False,339.2
2461,615.25,25.00220120453116,False,360.1
2462,615.5,29.415740948574097,False,395.2
2463,615.75,24.635220156647517,False,403.0
2464,616.0,26.06412312382129,False,375.7
2465,616.25,31.69155608430912,False,367.9
2466,616.5,370.99784543470304,False,585.1
2467,616.75,707.1703027410703,False,611.9
2468,617.0,1040.9272245091065,False,661.4
2469,617.25,1375.4416994651071,False,674.6
2470,617.5,1380.97923693747,True,717.0
2471,617.75,1110.1302780793962,False,701.2
2472,618.0,841.3685000270871,False,634.0
2473,618.25,567.5353661201974,False,621.2
2474,618.5,299.8935316213974,False,599.8
2475,618.75,33.31428724028531,False,445.3
2476,619.0,34.11815263864531,False,408.7
2477,619.25,31.486858484998052,False,444.8
2478,619.5,36.08282374380703,False,441.6
2479,619.75,29.348047304880534,False,436.2
2480,620.0,35.136609536886574,False,461.4
2481,620.25,27.14532110855043,False,424.1
2482,620.5,23.411360685913507,False,435.0
2483,620.75,19.694919039260125,False,445.6
2484,621.0,19.43431018128586,False,469.5
2485,621.25,25.5581409022611,False,454.8
2486,621.5,23.40211336993368,False,448.5
2487,621.75,26.192333002722073,False,468.6
2488,622.0,18.12873377792971,False,454.4
2489,622.25,20.452843335878168,False,451.8
2490,622.5,21.096652417557852,False,456.4
2491,622.75,14.517021645340872,False,465.2
2492,623.0,16.103182561226948,False,499.3
2493,623.25,16.849641995318848,False,441.1
2494,623.5,22.74028043927962,False,459.8
2495,623.75,18.19293398431551,False,451.1
2496,624.0,10.051498701747391,False,447.1
2497,624.25,3.2901115948348227,False,471.0
2498,624.5,8.002684340935588,False,456.8
2499,624.75,6.841829983124574,False,452.0
2500,625.0,10.454386711673829,False,431.6
2501,625.25,13.2640461895608,False,421.9
2502,625.5,15.13623773669403,False,435.0
2503,625.75,14.776373626045173,False,422.0
2504,626.0,10.572201715475622,False,413.3
2505,626.25,5.064505761389001,False,427.3
2506,626.5,8.677487561455365,False,394.4
2507,626.75,9.06426097982718,False,396.7
2508,627.0,10.005798422199454,False,414.4
2509,627.25,12.816434904125362,False,396.3
2510,627.5,5.657014076768258,False,402.4
2511,627.75,3.983925114172421,False,374.4
2512,628.0,6.237765754701633,False,392.5
2513,628.25,5.099835764560845,False,366.1
2514,628.5,5.067214576215607,False,391.9
2515,628.75,6.370172538622806,False,378.3
2516,629.0,10.370295390840496,False,368.3
2517,629.25,13.75700599928545,False,379.3
2518,629.5,13.71913141133597,False,356.7
2519,629.75,17.192034832314402,False,337.2
2520,630.0,21.24702534875828,False,365.4
2521,630.25,16.185518923545374,False,342.8
2522,630.5,18.114868983979083,False,351.7
2523,630.75,12.767980632389555,False,331.7
2524,631.0,13.38128806749191,False,343.0
2525,631.25,19.261319370582036,False,309.1
2526,631.5,13.541583249475185,False,299.8
2527,631.75,16.171981009961524,False,294.6
2528,632.0,17.478718040039517,False,324.3
2529,632.25,19.562368932333825,False,281.0
2530,632.5,15.719811618134694,False,281.6
2531,632.75,15.87536112365292,False,285.2
2532,633.0,17.70993460005746,False,308.5
2533,633.25,17.31122369739401,False,310.4
2534,633.5,25.15664861634023,False,290.8
2535,633.75,20.416350856418717,False,314.3
2536,634.0,23.939891751588924,False,307.1
2537,634.25,25.045436739731635,False,320.6
2538,634.5,21.185976213742368,False,317.1
2539,634.75,19.387770993312703,False,293.5
2540,635.0,18.949933833489073,False,308.1
2541,635.25,22.504739836053727,False,304.1
2542,635.5,21.46223479453001,False,315.4
2543,635.75,24.826027440632203,False,313.7
2544,636.0,20.59675164274263,False,313.5
2545,636.25,23.817803238983988,False,326.5
2546,636.5,21.933744886799538,False,319.9
2547,636.75,28.123202602951284,False,333.3
2548,637.0,32.62073547437668,False,326.4
2549,637.25,32.04243282101929,False,327.3
2550,637.5,26.310795591184316,False,347.5
2551,637.75,26.59664484776709,False,352.3
2552,638.0,29.74022048757242,False,361.0
2553,638.25,33.18940846251699,False,356.5
2554,638.5,31.293871862576516,False,348.7
2555,638.75,34.212730024044056,False,359.6
2556,639.0,26.638540944012895,False,364.1
2557,639.25,28.04604651912415,False,340.5
2558,639.5,32.20631373895792,False,355.2
2559,639.75,30.724450962258533,False,400.1
2560,640.0,29.564828426683366,False,381.6
2561,640.25,33.549329716362735,False,345.0
2562,640.5,30.03212766988005,False,391.1
2563,640.75,27.057518571852547,False,400.5
2564,641.0,26.155492866284906,False,384.8
2565,641.25,32.59140202833866,False,442.2
2566,641.5,31.01722244202213,False,429.9
2567,641.75,31.71597731460329,False,430.0
2568,642.0,36.50025506776325,False,419.6
2569,642.25,36.40798845021111,False,434.1
2570,642.5,37.87002523903777,False,443.7
2571,642.75,34.66723918144564,False,442.3
2572,643.0,32.4442842207468,False,429.0
2573,643.25,30.095522992652963,False,445.4
2574,643.5,23.951041371572664,False,447.8
2575,643.75,26.66711869948635,False,453.3
2576,644.0,33.95201304997158,False,436.1
2577,644.25,30.927013555492497,False,458.0
2578,644.5,28.26750812746351,False,456.3
2579,644.75,25.916556528410435,False,461.6
2580,645.0,25.35932280575812,False,462.6
2581,645.25,25.522078799129513,False,439.2
2582,645.5,21.365481834241685,False,474.4
2583,645.75,19.06750525484351,False,473.3
2584,646.0,19.19390115383894,False,442.1
2585,646.25,16.19624879794698,False,460.6
2586,646.5,10.729622630361751,False,448.8
2587,646.75,14.795036833053445,False,453.8
2588,647.0,17.13239993390034,False,474.4
2589,647.25,12.83702502825162,False,465.8
2590,647.5,15.065573939381572,False,485.6
2591,647.75,20.66474990081263,False,455.2
2592,648.0,12.70259085791278,False,434.6
2593,648.25,11.523359438930456,False,450.2
2594,648.5,11.049120410321676,False,408.9
2595,648.75,8.257231806018087,False,468.7
2596,649.0,11.097123402742705,False,442.3
2597,649.25,7.743444361873742,False,441.2
2598,649.5,5.843806409294013,False,432.7
2599,649.75,6.485964222358839,False,413.4
2600,650.0,9.568439222551644,False,419.9
2601,650.25,12.041956822770196,False,405.3
2602,650.5,9.81397200011013,False,404.6
2603,650.75,9.157709189526605,False,412.2
2604,651.0,12.74271338753542,False,384.2
2605,651.25,12.953978203680917,False,421.6
2606,651.5,10.074284037550209,False,375.9
2607,651.75,9.621619667233798,False,399.0
2608,652.0,9.25218421888164,False,371.7
2609,652.25,13.887242276719888,False,357.4
2610,652.5,9.327304108093347,False,376.5
2611,652.75,12.193354839798676,False,368.0
2612,653.0,6.7489276463017704,False,356.9
2613,653.25,6.586079061009273,False,354.4
2614,653.5,4.623569522868674,False,341.0
2615,653.75,5.000986019486154,False,351.8
2616,654.0,4.2302520211333,False,333.6
2617,654.25,11.154130310026147,False,336.6
2618,654.5,6.735140023865933,False,348.6
2619,654.75,16.800392009935933,False,308.1
2620,655.0,23.010855579199397,False,315.5
2621,655.25,21.98799898388927,False,310.3
2622,655.5,22.529237877498023,False,305.1
2623,655.75,19.130163399362548,False,293.8
2624,656.0,21.520153594346084,False,307.0
2625,656.25,21.315376461681836,False,310.9
2626,656.5,16.205374549196755,False,304.7
2627,656.75,19.32065614545111,False,280.7
2628,657.0,19.212901886721433,False,313.1
2629,657.25,14.049149481751304,False,312.3
2630,657.5,19.057304602852145,False,302.0
2631,657.75,20.79887978975511,False,285.5
2632,658.0,21.104076957269363,False,287.4
2633,658.25,20.636947165131765,False,329.4
2634,658.5,17.96055422787134,False,326.5
2635,658.75,18.200429999686367,False,308.8
2636,659.0,17.601914222504753,False,289.3
2637,659.25,17.359612582255046,False,323.2
2638,659.5,20.43499467314535,False,308.8
2639,659.75,25.269752037506876,False,333.3
2640,660.0,26.214424138084905,False,302.3
2641,660.25,18.046625102065732,False,320.5
2642,660.5,20.54827804960065,False,313.5
2643,660.75,25.63822089179209,False,331.1
2644,661.0,26.295064250674685,False,314.0
2645,661.25,23.80692480073189,False,341.0
2646,661.5,28.218133460693657,False,325.6
2647,661.75,32.13896354574561,False,322.3
2648,662.0,31.977806604140632,False,348.5
2649,662.25,34.39901449323053,False,348.2
2650,662.5,30.50342930796062,False,317.9
2651,662.75,33.47161356809327,False,353.7
2652,663.0,33.17543608359482,False,360.9
2653,663.25,32.490451444108345,False,367.2
2654,663.5,34.33833109677155,False,400.1
2655,663.75,39.79450603909073,False,365.2
2656,664.0,42.6010649909924,False,379.8
2657,664.25,36.83402343039477,False,359.9
2658,664.5,34.62659298382835,False,368.7
2659,664.75,38.09443948209943,False,387.1
2660,665.0,36.50411329106248,False,398.8
2661,665.25,36.30291687934158,False,402.8
2662,665.5,37.4881731816931,False,420.1
2663,665.75,31.288755489883464,False,426.3
2664,666.0,34.95969602575857,False,435.1
2665,666.25,32.036423684747675,False,422.0
2666,666.5,33.07571332278621,False,436.0
2667,666.75,28.549089616555776,False,422.0
2668,667.0,32.90400310601539,False,442.0
2669,667.25,30.927587080959427,False,447.3
2670,667.5,30.23748762162349,False,436.0
2671,667.75,25.765115387997312,False,398.4
2672,668.0,27.669635983031203,False,439.5
2673,668.25,25.50684452573589,False,490.2
2674,668.5,27.732612726670094,False,452.4
2675,668.75,22.088268486320228,False,446.2
2676,669.0,23.72201432598388,False,458.8
2677,669.25,19.767314993360877,False,475.1
2678,669.5,19.222103194352925,False,464.3
2679,669.75,19.89696505914841,False,456.7
2680,670.0,17.96729806618737,False,440.8
2681,670.25,19.843194399692138,False,455.4
2682,670.5,15.799075016351663,False,441.4
2683,670.75,14.888021370260503,False,463.7
2684,671.0,15.054294546627697,False,479.8
2685,671.25,17.099547119383857,False,471.5
2686,671.5,14.02010864228317,False,445.0
2687,671.75,13.77183336792539,False,437.0
2688,672.0,13.68781174273007,False,428.4
2689,672.25,12.27973139209978,False,453.1
2690,672.5,14.393160087335264,False,451.9
2691,672.75,14.59354823022611,False,451.9
2692,673.0,16.69978309998633,False,441.6
2693,673.25,13.232519523462372,False,414.6
2694,673.5,10.04444774747886,False,399.8
2695,673.75,14.604189424033349,False,441.0
2696,674.0,13.633208412775156,False,407.3
2697,674.25,10.620561231085183,False,443.7
2698,674.5,8.83339437653228,False,378.9
2699,674.75,8.476311919694238,False,389.0
2700,675.0,7.760894237009783,False,386.5
2701,675.25,7.57215612368657,False,399.4
2702,675.5,9.074993716947718,False,400.2
2703,675.75,11.026506168957685,False,376.7
2704,676.0,5.146375851478819,False,388.7
2705,676.25,5.74583553270749,False,355.0
2706,676.5,12.211908241119604,False,361.8
2707,676.75,16.005552221766628,False,346.0
2708,677.0,14.889177913427774,False,350.7
2709,677.25,19.302478196688902,False,344.4
2710,677.5,19.607100344365108,False,353.7
2711,677.75,19.84782441387637,False,395.9
2712,678.0,19.243511693428164,False,319.2
2713,678.25,19.678992723996437,False,332.2
2714,678.5,18.59095667988664,False,341.2
2715,678.75,19.237718826302896,False,328.0
2716,679.0,18.60614151200936,False,344.4
2717,679.25,13.399531553651244,False,304.2
2718,679.5,14.82979072927295,False,327.8
2719,679.75,17.025898868852217,False,301.4
2720,680.0,22.282048634960145,False,322.7
2721,680.25,25.026734021177532,False,310.4
2722,680.5,24.604482691235123,False,309.5
2723,680.75,26.318463954509312,False,295.1
2724,681.0,24.495431731669353,False,274.7
2725,681.25,26.05032444983592,False,284.7
2726,681.5,30.247201086561844,False,311.0
2727,681.75,25.6390541921501,False,295.9
2728,682.0,29.21476892706067,False,310.7
2729,682.25,31.3589315726878,False,280.0
2730,682.5,24.500491550043673,False,310.0
2731,682.75,23.117185198136458,False,316.3
2732,683.0,25.336309434467164,False,269.3
2733,683.25,26.333009333981646,False,308.7
2734,683.5,29.721398639246864,False,334.8
2735,683.75,33.816445145054814,False,296.6
2736,684.0,36.25417094235878,False,325.4
2737,684.25,33.73927943245933,False,313.8
2738,684.5,33.0819230529971,False,329.1
2739,684.75,36.17274200889746,False,313.8
2740,685.0,33.76526406191601,False,311.6
2741,685.25,29.803222437151035,False,320.6
2742,685.5,27.676653691805033,False,325.6
2743,685.75,28.294215185280116,False,326.5
2744,686.0,30.086211837478437,False,326.6
2745,686.25,30.265753645671868,False,360.9
2746,686.5,34.57805902124957,False,340.5
2747,686.75,38.056378539956654,False,336.0
2748,687.0,37.30305683640134,False,345.0
2749,687.25,38.17946179690675,False,371.5
2750,687.5,36.4902016179399,False,335.9
2751,687.75,39.8783555830841,False,382.0
2752,688.0,40.55281864120001,False,390.5
2753,688.25,36.65283013269566,False,404.2
2754,688.5,36.279774995766054,False,383.6
2755,688.75,38.48646214771503,False,383.1
2756,689.0,35.85315137183173,False,403.1
2757,689.25,33.42286714946081,False,407.6
2758,689.5,33.37296536582874,False,430.1
2759,689.75,38.21969131984001,False,416.0
2760,690.0,39.046981754025715,False,413.5
2761,690.25,33.88860724842365,False,404.3
2762,690.5,37.96109491892961,False,425.4
2763,690.75,35.00471125003787,False,433.7
2764,691.0,32.871130739087974,False,454.1
2765,691.25,36.71786256878956,False,441.6
2766,691.5,32.43421968244237,False,463.6
2767,691.75,34.525956786329644,False,465.0
2768,692.0,36.39586285246511,False,437.7
2769,692.25,32.889272576384435,False,434.6
2770,692.5,28.30711187405093,False,444.3
2771,692.75,25.953917540751945,False,452.2
2772,693.0,24.67924287248785,False,445.1
2773,693.25,23.436493085609477,False,468.9
2774,693.5,25.040671558931567,False,469.4
2775,693.75,16.18017599553229,False,477.9
2776,694.0,15.752848952805012,False,464.1
2777,694.25,18.221453353993187,False,453.2
2778,694.5,16.055004287550922,False,465.4
2779,694.75,19.982835545655135,False,444.8
2780,695.0,16.920023748596773,False,459.5
2781,695.25,13.711848049335453,False,444.3
2782,695.5,14.60161043736587,False,471.2
2783,695.75,20.303096495890113,False,411.8
2784,696.0,16.036924185833577,False,462.0
2785,696.25,17.19205383954406,False,459.7
2786,696.5,11.909630864619931,False,442.8
2787,696.75,13.052546368512171,False,445.2
2788,697.0,11.53984365452328,False,439.6
2789,697.25,10.834301285148008,False,452.2
2790,697.5,11.424657120919258,False,453.5
2791,697.75,12.382177447532287,False,424.6
2792,698.0,12.647981901351455,False,444.5
2793,698.25,15.205043003661311,False,405.7
2794,698.5,13.475705833881053,False,416.8
2795,698.75,14.134628468809764,False,412.3
2796,699.0,12.498772344808778,False,381.8
2797,699.25,12.70260028754032,False,400.5
2798,699.5,13.381049993344934,False,380.4
2799,699.75,6.798816079554833,False,397.1
2800,700.0,7.757406950113685,False,366.7
2801,700.25,3.569784307658079,False,348.2
2802,700.5,7.1334712567239285,False,350.1
2803,700.75,8.286957290593104,False,364.7
2804,701.0,15.49496041116631,False,364.0
2805,701.25,16.65508060489833,False,359.4
2806,701.5,15.728943749814713,False,337.9
2807,701.75,18.37268353622972,False,356.4
2808,702.0,23.035829701827964,False,331.8
2809,702.25,21.396310114728525,False,332.2
2810,702.5,23.91293509220848,False,346.0
2811,702.75,24.08214788771072,False,324.8
2812,703.0,25.56577555043278,False,295.3
2813,703.25,26.93125970547744,False,330.5
2814,703.5,30.258487663544734,False,316.5
2815,703.75,25.541801294886103,False,307.7
2816,704.0,23.713314892023288,False,330.0
2817,704.25,20.670349361262595,False,298.8
2818,704.5,20.130828688975335,False,315.9
2819,704.75,26.250899626846554,False,306.3
2820,705.0,27.37025493542977,False,341.7
2821,705.25,25.35809524362516,False,274.5
2822,705.5,24.873538892433636,False,303.6
2823,705.75,28.951571775839906,False,305.3
2824,706.0,23.38533240629696,False,316.5
2825,706.25,22.96763581667099,False,293.8
2826,706.5,28.591615961549135,False,291.1
2827,706.75,33.21320363182923,False,322.4
2828,707.0,34.45548665766396,False,296.3
2829,707.25,27.591611592380985,False,308.4
2830,707.5,27.695590062597056,False,305.3
2831,707.75,34.10196464713458,False,314.0
2832,708.0,32.762420077962915,False,290.5
2833,708.25,32.24811506020859,False,305.3
2834,708.5,30.857832885353687,False,315.7
2835,708.75,28.0694224607072,False,321.4
2836,709.0,29.292016677104787,False,339.8
2837,709.25,25.223677320918256,False,334.8
2838,709.5,27.956858667394663,False,339.9
2839,709.75,28.47244139046541,False,334.7
2840,710.0,34.83730038604572,False,358.8
2841,710.25,29.651867500542803,False,335.5
2842,710.5,32.820640558314025,False,347.9
2843,710.75,28.798630033389507,False,331.9
2844,711.0,32.423641004153474,False,343.5
2845,711.25,32.01760821947353,False,377.1
2846,711.5,38.71031877591284,False,368.8
2847,711.75,41.53367711935173,False,346.9
2848,712.0,38.074870687720605,False,379.3
2849,712.25,36.69432718451728,False,381.6
2850,712.5,39.76616899032286,False,373.4
2851,712.75,38.945489976664625,False,400.5
2852,713.0,37.17665038318868,False,396.6
2853,713.25,40.146227602785025,False,405.8
2854,713.5,39.05791222359777,False,424.7
2855,713.75,41.07857094798621,False,406.0
2856,714.0,37.26262691741168,False,436.0
2857,714.25,45.42038610633763,False,420.3
2858,714.5,45.287857054349246,False,424.7
2859,714.75,42.21229329082368,False,452.0
2860,715.0,41.25508702457443,False,442.1
2861,715.25,32.75117901807966,False,434.0
2862,715.5,39.1631746149696,False,441.6
2863,715.75,35.21585179028313,False,449.6
2864,716.0,30.869293992684483,False,427.4
2865,716.25,32.4106279698948,False,461.6
2866,716.5,26.537503341561948,False,453.7
2867,716.75,25.07864044611807,False,436.3
2868,717.0,24.431944108859007,False,443.0
2869,717.25,23.239402840375185,False,471.3
2870,717.5,21.894186673996497,False,440.2
2871,717.75,22.791880392273452,False,491.9
2872,718.0,17.864819324601722,False,443.9
2873,718.25,17.531648809833868,False,462.8
2874,718.5,18.66642371832574,False,420.9
2875,718.75,19.213313239240453,False,457.2
2876,719.0,15.846796030315252,False,449.3
2877,719.25,16.809334048529674,False,462.8
2878,719.5,15.599898083943051,False,456.6
2879,719.75,19.557289092228032,False,446.5
