time_bin,hour,total_jobs,flex1_jobs,flex2_jobs,flex3_jobs,power_mw,flexible_mw
0,0.0,4489,1,4462,25,0.97357,0.29335118501443674
1,0.25,5161,6,5027,127,1.06093,0.34329555702775444
2,0.5,5236,65,3934,1236,1.07068,0.41646172720769065
3,0.75,4763,35,4047,679,1.0091899999999998,0.35146755079484177
4,1.0,4854,23,4379,451,1.0210199999999998,0.34329679270910174
5,1.25,5124,10,4909,203,1.0561200000000002,0.34560199279032555
6,1.5,4754,57,3607,1089,1.00802,0.376076576585774
7,1.75,4772,4,4681,86,1.01036,0.31548856217980237
8,2.0,5572,15,5269,287,1.11436,0.3798582639389769
9,2.25,5287,34,4601,650,1.07731,0.38372773999660764
10,2.5,5142,110,2931,2099,1.05846,0.46351763443231087
11,2.75,4864,21,4443,399,1.02232,0.340732415199238
12,3.0,5695,1,5672,21,1.13035,0.37148342485113955
13,3.25,5305,7,5146,150,1.07965,0.3540766577342154
14,3.5,6145,52,5100,992,1.18885,0.4605424298222146
15,3.75,5924,1,5895,27,1.1601200000000003,0.3867432901741831
16,4.0,5507,14,5221,270,1.10591,0.37463394690780616
17,4.25,5621,123,3147,2349,1.12073,0.5100496027663187
18,4.5,6442,37,5684,719,1.22746,0.4630159865142178
19,4.75,5992,0,5976,14,1.16896,0.39039825453512306
20,5.0,5957,27,5407,522,1.16441,0.4193592087772784
21,5.25,6215,5,6096,112,1.19795,0.4109259066665108
22,5.5,6148,1,6120,26,1.1892399999999999,0.4012243820106967
23,5.75,6474,36,5751,686,1.23162,0.4630592743100173
24,6.0,6477,72,5033,1370,1.23201,0.5054270575723414
25,6.25,6860,19,6472,368,1.2818,0.4685787874707752
26,6.5,6579,24,6098,456,1.24527,0.45576995934459097
27,6.75,6527,81,4901,1543,1.23851,0.5193205567409165
28,7.0,6783,38,6008,736,1.27179,0.4862283481644123
29,7.25,6875,0,6859,15,1.28375,0.4477988502075726
30,7.5,7050,118,4676,2254,1.3065,0.5970870830487927
31,7.75,7353,45,6448,859,1.34589,0.5308420616199537
32,8.0,7423,13,7162,247,1.35499,0.4977360625999949
33,8.25,7693,57,6547,1087,1.39009,0.567036400298848
34,8.5,7169,25,6667,476,1.32197,0.4953214593172742
35,8.75,7605,39,6824,741,1.37865,0.5399775737116635
36,9.0,7778,1,7753,23,1.40114,0.5069944266996964
37,9.25,7425,24,6933,466,1.35525,0.5113624183059732
38,9.5,7627,35,6908,682,1.38151,0.5377649503417617
39,9.75,7222,10,7008,203,1.32886,0.4819321364388191
40,10.0,8071,5,7967,98,1.43923,0.5306528207975088
41,10.25,7780,37,7024,717,1.4014,0.5498896553973843
42,10.5,8127,21,7704,401,1.44651,0.5529490923792891
43,10.75,7982,57,6823,1100,1.42766,0.5866200276296015
44,11.0,7893,23,7420,448,1.41609,0.5406893857705344
45,11.25,7493,10,7283,199,1.36409,0.4993172096260106
46,11.5,7562,2,7512,46,1.37306,0.49441419829699707
47,11.75,7218,26,6694,497,1.32834,0.49980922105387615
48,12.0,7831,56,6702,1071,1.40803,0.5750180582037702
49,12.25,8680,31,8043,604,1.5184,0.6014135994505495
50,12.5,7600,38,6823,737,1.378,0.539422036028833
51,12.75,7181,65,5872,1243,1.32353,0.5433262522105581
52,13.0,8237,35,7530,670,1.46081,0.576721582458027
53,13.25,8629,34,7934,659,1.51177,0.6014994067427503
54,13.5,7975,23,7498,452,1.42675,0.5462581471053516
55,13.75,7931,51,6894,984,1.42103,0.5761325461642267
56,14.0,7706,17,7363,325,1.39178,0.5209419296420787
57,14.25,7208,12,6951,243,1.32704,0.4835382324932178
58,14.5,7254,17,6907,329,1.33302,0.49177733363007037
59,14.75,7532,4,7447,79,1.36916,0.4945039620280177
60,15.0,7408,20,6990,396,1.35304,0.505921010293176
61,15.25,7454,77,5897,1478,1.35902,0.575552659043725
62,15.5,7661,60,6456,1144,1.38593,0.5684416255793752
63,15.75,7158,6,7030,120,1.32054,0.472716357608184
64,16.0,7504,15,7201,287,1.36552,0.5054832448001635
65,16.25,6990,18,6615,355,1.2987,0.47623932630685595
66,16.5,7385,39,6600,745,1.35005,0.5259326555718664
67,16.75,7008,16,6673,318,1.30104,0.4751070441932513
68,17.0,6757,1,6726,28,1.26841,0.4409744498292531
69,17.25,6813,20,6394,397,1.27569,0.4673359084626893
70,17.5,6607,60,5390,1155,1.24891,0.5006265346365789
71,17.75,6632,33,5959,638,1.25216,0.47040762973284567
72,18.0,6727,45,5822,859,1.26451,0.4901570277002269
73,18.25,6375,57,5231,1086,1.21875,0.4812583825930806
74,18.5,6193,39,5407,745,1.19509,0.44846904742137966
75,18.75,5870,5,5757,107,1.1531,0.38814067345897635
76,19.0,6285,96,4361,1827,1.20705,0.5210486575652556
77,19.25,6122,3,6061,57,1.18586,0.40145230326127923
78,19.5,5571,17,5219,333,1.11423,0.38266231248522536
79,19.75,6087,6,5964,116,1.18131,0.40284155194025567
80,20.0,5390,27,4832,529,1.0907,0.38293885555039103
81,20.25,5975,6,5845,122,1.16675,0.3959252188642636
82,20.5,5793,0,5782,10,1.14309,0.37718647385375964
83,20.75,5636,33,4971,631,1.12268,0.4052023527829379
84,21.0,5326,24,4845,456,1.0823799999999997,0.37428871516583834
85,21.25,5544,14,5263,266,1.11072,0.37678353747299653
86,21.5,5632,10,5420,201,1.12216,0.37847722930908523
87,21.75,5430,0,5422,6,1.0959,0.35336133342417436
88,22.0,4999,30,4388,580,1.03987,0.36067671976966476
89,22.25,5234,14,4946,273,1.07042,0.35702188650696826
90,22.5,5453,0,5442,10,1.09889,0.3550784438723255
91,22.75,5739,4,5654,79,1.13607,0.37796100463808185
92,23.0,4989,7,4846,135,1.03857,0.33260635268464195
93,23.25,5286,0,5284,1,1.07718,0.3436745492642427
94,23.5,5353,4,5268,80,1.08589,0.35287436762889324
95,23.75,4759,20,4340,397,1.00867,0.3337957613014376
96,24.0,5534,101,3511,1921,1.10942,0.4780332625248619
97,24.25,4683,9,4496,177,0.99879,0.31531040651216374
98,24.5,5255,25,4735,493,1.07315,0.3719623970557165
99,24.75,5120,46,4192,881,1.0556,0.38707548420094173
100,25.0,5067,24,4578,464,1.04871,0.3579386253087978
101,25.25,5843,50,4832,960,1.14959,0.43891588260828024
102,25.5,5023,19,4632,371,1.0429899999999999,0.3493594207171049
103,25.75,5059,10,4849,198,1.04767,0.34108068196387636
104,26.0,5600,0,5597,2,1.118,0.3641474606566542
105,26.25,5481,32,4835,612,1.10253,0.3939996012847929
106,26.5,5694,43,4816,834,1.13022,0.4214712612619486
107,26.75,5407,14,5110,281,1.09291,0.36879248817093263
108,27.0,5534,5,5418,110,1.10942,0.36648435005177515
109,27.25,6081,0,6076,4,1.18053,0.39551679892283925
110,27.5,5336,9,5143,183,1.08368,0.3581220644848613
111,27.75,5635,5,5528,101,1.12255,0.37252929628364007
112,28.0,5989,39,5208,741,1.16857,0.4349646528480569
113,28.25,5777,58,4598,1119,1.1410100000000003,0.44445713389506686
114,28.5,5754,10,5535,207,1.13802,0.38678663167873367
115,28.75,6203,5,6095,102,1.19639,0.40948298281901224
116,29.0,6512,88,4742,1680,1.23656,0.5267854711726262
117,29.25,6165,26,5631,506,1.19145,0.43193176390939764
118,29.5,6253,32,5601,618,1.20289,0.444537851375812
119,29.75,6207,31,5570,604,1.19691,0.440708382754581
120,30.0,6411,23,5945,442,1.22343,0.4439477139830921
121,30.25,6923,12,6666,243,1.28999,0.46497208545323737
122,30.5,6720,39,5931,748,1.2636,0.4829109726489837
123,30.75,6551,13,6273,263,1.24163,0.4420358839293697
124,31.0,8545,73,7082,1389,1.50085,0.6409621044358738
125,31.25,8876,0,8862,12,1.54388,0.5777066001211573
126,31.5,8484,45,7582,856,1.49292,0.604179391482541
127,31.75,8343,18,7981,343,1.47459,0.5634571350563795
128,32.0,9485,24,9000,460,1.62305,0.6448876673540451
129,32.25,8498,16,8174,306,1.49474,0.5712675788521283
130,32.5,8884,26,8344,512,1.54492,0.6090102528798954
131,32.75,7558,52,6502,1002,1.37254,0.5530187053273516
132,33.0,7478,30,6863,583,1.36214,0.5220028374520522
133,33.25,7605,28,7025,550,1.37865,0.5282255133350962
134,33.5,7863,8,7695,158,1.41219,0.5208840763392016
135,33.75,7029,27,6474,526,1.30377,0.4893315302585404
136,34.0,7418,6,7281,129,1.35434,0.4901454201668082
137,34.25,7858,91,6036,1730,1.41154,0.6173429145403073
138,34.5,7764,40,6952,771,1.39932,0.5521567377549282
139,34.75,7959,52,6918,988,1.42467,0.578175883112843
140,35.0,8017,45,7099,871,1.43221,0.5747592173995587
141,35.25,7336,162,4084,3088,1.34368,0.6670347307644483
142,35.5,8369,23,7897,447,1.47797,0.5715419211156776
143,35.75,7847,101,5812,1933,1.41011,0.6290879497294348
144,36.0,7740,109,5554,2076,1.3962,0.6309543307372151
145,36.25,8059,50,7041,966,1.43767,0.5833637420169104
146,36.5,8019,23,7547,448,1.43247,0.5488352963448759
147,36.75,8330,109,6135,2084,1.4729,0.669825487172618
148,37.0,8030,67,6672,1289,1.4339,0.6013785396978121
149,37.25,8267,46,7344,876,1.46471,0.5913239558561767
150,37.5,7604,3,7524,75,1.37852,0.49893858637511473
151,37.75,7887,45,6977,863,1.41531,0.5658369175020869
152,38.0,7464,22,7019,422,1.36032,0.5111576503103377
153,38.25,7776,12,7532,231,1.40088,0.5196974086823622
154,38.5,7655,54,6574,1026,1.38515,0.5607636258333548
155,38.75,7580,4,7490,84,1.3754,0.49791190072888514
156,39.0,7516,13,7247,255,1.36708,0.504268117957298
157,39.25,7709,45,6799,864,1.39217,0.5542914555944425
158,39.5,6930,66,5594,1268,1.2909,0.5285516860427578
159,39.75,7063,25,6546,491,1.30819,0.4893306902002771
160,40.0,7237,50,6224,961,1.33081,0.5296139242321566
161,40.25,6809,9,6610,188,1.27517,0.45416956560826577
162,40.5,8221,88,6455,1677,1.45873,0.6376746732529468
163,40.75,8100,57,6953,1089,1.443,0.5935941378282992
164,41.0,7600,7,7440,151,1.378,0.5033414342163091
165,41.25,7490,26,6950,512,1.3637,0.5183930287939319
166,41.5,5908,40,5090,776,1.15804,0.4318205737957021
167,41.75,6231,8,6064,158,1.20003,0.41476496237596877
168,42.0,6504,4,6423,76,1.23552,0.42745578193376493
169,42.25,6448,28,5883,536,1.22824,0.452166821937495
170,42.5,6364,34,5675,653,1.21732,0.4539193975282939
171,42.75,5973,10,5770,192,1.1664899999999998,0.4000812983468843
172,43.0,6106,172,2657,3275,1.18378,0.5986025323323003
173,43.25,6137,15,5823,298,1.18781,0.4172622012996207
174,43.5,5545,2,5495,46,1.11085,0.36330247575420327
175,43.75,5873,36,5139,696,1.1534899999999997,0.4246516917419361
176,44.0,5946,10,5729,206,1.16298,0.3991797875856575
177,44.25,5519,84,3831,1603,1.10747,0.4574659778040129
178,44.5,5905,17,5564,323,1.15765,0.4037254797001804
179,44.75,5370,44,4489,836,1.0881,0.40054813853990323
180,45.0,5181,50,4170,959,1.06353,0.3958599732281338
181,45.25,5539,23,5076,439,1.11007,0.38707977586295306
182,45.5,5919,38,5146,733,1.15947,0.4299005167870929
183,45.75,5278,14,4991,272,1.07614,0.3598447999298019
184,46.0,5391,10,5187,192,1.09083,0.36229183602096815
185,46.25,5002,57,3843,1100,1.0402600000000002,0.392880651576679
186,46.5,4741,44,3841,854,1.00633,0.3607997448090127
187,46.75,5129,11,4906,211,1.05677,0.34640317577982765
188,47.0,5148,13,4886,248,1.0592399999999997,0.34994530303984006
189,47.25,4921,55,3814,1051,1.02973,0.38459632584622355
190,47.5,5202,93,3327,1781,1.0662600000000002,0.44781250234978387
191,47.75,4806,82,3163,1560,1.01478,0.4084731736301279
192,48.0,4729,13,4459,255,1.00477,0.323139370185433
193,48.25,5321,47,4368,904,1.08173,0.40158473537041856
194,48.5,5332,2,5280,49,1.08316,0.34959873446131867
195,48.75,4838,27,4294,515,1.01894,0.34623570609331816
196,49.0,7325,62,6081,1181,1.34225,0.5488549704642434
197,49.25,6752,18,6375,357,1.26776,0.4609035383957673
198,49.5,5139,32,4482,623,1.05807,0.3724542069458406
199,49.75,5129,2,5083,43,1.05677,0.33603316049724524
200,50.0,5358,2,5302,52,1.08654,0.3515013937789304
201,50.25,5334,8,5165,160,1.08342,0.3565932879158378
202,50.5,5387,34,4702,650,1.09031,0.3902137735782632
203,50.75,5066,21,4628,415,1.04858,0.3548708989414245
204,51.0,4932,27,4377,527,1.0311599999999999,0.35303811693762327
205,51.25,5853,19,5462,371,1.15089,0.4033022588986727
206,51.5,5423,14,5126,281,1.0949899999999997,0.36981553425981156
207,51.75,5651,7,5505,137,1.1246299999999998,0.37579792154411323
208,52.0,5848,23,5375,448,1.1502399999999997,0.40775557528297396
209,52.25,6325,40,5512,771,1.21225,0.45865432126798383
210,52.5,5974,28,5407,537,1.1666200000000002,0.42142817154338397
211,52.75,5899,46,4967,885,1.1568700000000003,0.43795604136447996
212,53.0,5954,58,4775,1119,1.16402,0.455940468300109
213,53.25,6196,30,5590,574,1.19548,0.43813392113474087
214,53.5,6031,23,5556,450,1.17403,0.419744339188828
215,53.75,6410,82,4767,1559,1.2233,0.5127098603720409
216,54.0,6484,14,6188,281,1.23292,0.43876580552150474
217,54.25,7090,9,6899,181,1.3117,0.47199873091198774
218,54.5,6670,50,5661,958,1.2571,0.4925503453805058
219,54.75,6215,33,5539,642,1.19795,0.4435094484133118
220,55.0,7690,44,6799,845,1.3897,0.5519265029123632
221,55.25,7269,24,6772,471,1.33497,0.5015455815315787
222,55.5,7698,24,7206,466,1.39074,0.5291165780757342
223,55.75,6816,11,6594,210,1.27608,0.45601011531797686
224,56.0,7183,42,6333,807,1.32379,0.5165959642438758
225,56.25,7535,36,6810,687,1.36955,0.5321346027527339
226,56.5,7574,12,7326,234,1.37462,0.506769872160246
227,56.75,7581,13,7310,257,1.37553,0.5085990359054109
228,57.0,6900,27,6344,528,1.287,0.48101946475131124
229,57.25,7114,11,6875,226,1.31482,0.4763342605202685
230,57.5,8145,27,7602,515,1.44885,0.5611759820368232
231,57.75,8255,41,7420,792,1.46315,0.5853854624025678
232,58.0,7767,13,7504,249,1.39971,0.5202210724889896
233,58.25,8262,60,7056,1145,1.46406,0.6075505203606314
234,58.5,7578,3,7508,65,1.37514,0.4966280351684966
235,58.75,7682,21,7257,403,1.38866,0.5241820957172927
236,59.0,7618,30,7003,583,1.38034,0.5310970338791478
237,59.25,7716,19,7317,378,1.39308,0.5248742187149545
238,59.5,8203,52,7147,1003,1.45639,0.5949627801542259
239,59.75,8864,7,8722,134,1.54232,0.5844518079110872
240,60.0,9798,69,8410,1318,1.66374,0.7180554793234766
241,60.25,8134,39,7334,759,1.44742,0.5754858295344039
242,60.5,8312,26,7783,502,1.47056,0.5712163239956134
243,60.75,8118,15,7801,300,1.44534,0.54618774579866
244,61.0,8313,55,7201,1055,1.47069,0.6053658244572729
245,61.25,7659,33,6986,638,1.38567,0.5371727701812564
246,61.5,8319,10,8117,191,1.47147,0.5524977396182886
247,61.75,7887,53,6813,1019,1.41531,0.5754287878480645
248,62.0,8161,22,7707,430,1.45093,0.5569978635528837
249,62.25,7315,47,6358,909,1.34095,0.5314503584727304
250,62.5,7744,18,7369,355,1.39672,0.5252407494953665
251,62.75,7671,17,7323,330,1.38723,0.5189374021881669
252,63.0,7374,21,6942,410,1.34862,0.504571288173029
253,63.25,7582,15,7262,303,1.37566,0.5115417912029997
254,63.5,7875,70,6461,1342,1.41375,0.5945418130509571
255,63.75,7124,18,6756,349,1.31612,0.48455303928064775
256,64.0,7538,29,6947,560,1.36994,0.5244949827543713
257,64.25,6825,8,6660,156,1.27725,0.453231482175071
258,64.5,7706,49,6708,947,1.39178,0.5592558979308734
259,64.75,7217,58,6040,1117,1.32821,0.5379367255803529
260,65.0,7405,20,6991,393,1.35265,0.5055394836163362
261,65.25,6994,21,6563,409,1.29922,0.47980987384096074
262,65.5,6812,60,5605,1146,1.27556,0.5133868674175699
263,65.75,6835,74,5346,1413,1.27855,0.5313406136019919
264,66.0,6459,68,5082,1307,1.22967,0.5003366721224919
265,66.25,5916,56,4786,1072,1.15908,0.45060487072407485
266,66.5,6438,37,5685,715,1.22694,0.4625159682702945
267,66.75,5980,35,5278,666,1.1674,0.42972557966797376
268,67.0,5781,6,5658,116,1.14153,0.382957145658576
269,67.25,6208,9,6014,183,1.19704,0.41482583209772006
270,67.5,5842,35,5136,670,1.14946,0.4210004267136089
271,67.75,6144,91,4317,1734,1.18872,0.5061969941272477
272,68.0,5513,14,5223,275,1.10669,0.37530172741976786
273,68.25,5525,6,5398,120,1.10825,0.3665320497546828
274,68.5,5931,19,5549,362,1.16103,0.40781981104071574
275,68.75,5594,5,5487,100,1.11722,0.36982320988745643
276,69.0,4996,29,4398,567,1.0394800000000002,0.35969239171162853
277,69.25,5449,8,5270,170,1.0983700000000003,0.36465441753993005
278,69.5,5754,37,5010,706,1.13802,0.4175239543125029
279,69.75,5109,17,4764,327,1.05417,0.35224119667129505
280,70.0,5380,40,4560,778,1.0894,0.39761999118025804
281,70.25,4899,9,4717,172,1.0268700000000002,0.3290438191916306
282,70.5,5073,12,4831,228,1.0494899999999998,0.343845890475862
283,70.75,5406,32,4759,614,1.09278,0.38920705518257825
284,71.0,5116,2,5063,49,1.05508,0.33560231043059807
285,71.25,5415,40,4611,763,1.09395,0.39900777718952574
286,71.5,5140,73,3664,1402,1.0582,0.42044147149012356
287,71.75,5668,45,4761,861,1.12684,0.42145849354297465
288,72.0,4530,1,4504,23,0.9789,0.2959201221819261
289,72.25,4938,2,4880,54,1.0319399999999999,0.324322694595592
290,72.5,4687,61,3461,1164,0.9993100000000001,0.3763663881918156
291,72.75,4723,9,4537,176,1.00399,0.31783410903955805
292,73.0,4748,19,4349,378,1.00724,0.3319374441182425
293,73.25,5129,40,4313,774,1.05677,0.3810681483317371
294,73.5,5182,43,4308,829,1.06366,0.38792601235821855
295,73.75,5282,12,5038,231,1.07666,0.35760265783955636
296,74.0,6386,12,6140,233,1.22018,0.4294651027201136
297,74.25,6678,35,5973,669,1.25814,0.4752687051588191
298,74.5,6543,116,4209,2216,1.24059,0.5618047694123102
299,74.75,7175,25,6668,481,1.32275,0.4960236569705236
300,75.0,6700,8,6527,164,1.261,0.44561580342844287
301,75.25,5446,38,4684,722,1.09798,0.39850950000226754
302,75.5,5754,14,5461,278,1.13802,0.3911294601364317
303,75.75,5481,50,4469,960,1.10253,0.41542945337702086
304,76.0,5958,31,5326,600,1.16454,0.42423752986246366
305,76.25,6315,33,5645,635,1.21095,0.449637348450803
306,76.5,5982,53,4903,1024,1.16766,0.4519250369821312
307,76.75,6288,53,5219,1014,1.20744,0.47121873820370136
308,77.0,5489,10,5281,196,1.10357,0.3689024849563305
309,77.25,7000,52,5952,995,1.3,0.5162856014836237
310,77.5,7281,76,5742,1461,1.33653,0.563250786163945
311,77.75,6086,21,5651,412,1.18118,0.42101994801259246
312,78.0,6562,36,5824,700,1.24306,0.46966570140075453
313,78.25,6916,14,6623,278,1.28908,0.4666665420129115
314,78.5,6131,52,5090,988,1.18703,0.4594093180160141
315,78.75,6435,2,6379,52,1.22655,0.42151103079688074
316,79.0,6943,45,6030,867,1.29259,0.50468537751214
317,79.25,7120,23,6643,452,1.3156,0.4906946016238345
318,79.5,7295,74,5800,1419,1.33835,0.5616165865020841
319,79.75,7196,37,6451,706,1.32548,0.5112651883016114
320,80.0,7388,104,5295,1987,1.35044,0.60260451659876
321,80.25,7604,37,6851,714,1.37852,0.5382521115786106
322,80.5,7288,23,6816,448,1.33744,0.5013094067302925
323,80.75,7306,15,7003,287,1.33978,0.4925780211142388
324,81.0,7510,2,7462,45,1.3663,0.4909341529412473
325,81.25,7687,41,6853,791,1.38931,0.5484242535328551
326,81.5,7492,50,6485,956,1.36396,0.5458693172357741
327,81.75,7629,101,5604,1922,1.38177,0.6142924731702777
328,82.0,7918,42,7062,812,1.41934,0.5647272029150519
329,82.25,7892,20,7479,391,1.41596,0.5371120054275046
330,82.5,7830,107,5679,2043,1.4079,0.6347609709806582
331,82.75,8899,166,5574,3157,1.54687,0.7728983981998998
332,83.0,9449,53,8378,1017,1.61837,0.676827861284915
333,83.25,9182,7,9022,151,1.58366,0.6061697649276412
334,83.5,9783,84,8092,1605,1.66179,0.7347818095148144
335,83.75,9406,12,9152,240,1.61278,0.6262034203085853
336,84.0,9203,84,7503,1614,1.58639,0.6976346198279114
337,84.25,7978,75,6469,1433,1.42714,0.6068278818570503
338,84.5,8368,119,5982,2266,1.47784,0.6834861533020261
339,84.75,8160,90,6346,1722,1.4508,0.6364938276104171
340,85.0,8014,13,7735,264,1.43182,0.5371825295924783
341,85.25,7522,8,7354,159,1.36786,0.49873416769458445
342,85.5,8372,55,7268,1048,1.47836,0.608734345895972
343,85.75,7658,8,7482,166,1.38554,0.5080163268698555
344,86.0,8079,67,6732,1279,1.44027,0.6039129825912618
345,86.25,7649,10,7429,208,1.38437,0.5100512138384824
346,86.5,7941,12,7695,233,1.42233,0.5305403644748466
347,86.75,8019,39,7225,753,1.43247,0.5676428607919443
348,87.0,7755,17,7411,326,1.39815,0.5241892677466277
349,87.25,7715,42,6863,809,1.39295,0.5512981011370774
350,87.5,7383,46,6457,878,1.34979,0.5340205946176356
351,87.75,7203,0,7194,7,1.32639,0.4686819957234675
352,88.0,7291,29,6710,551,1.33783,0.507887340808041
353,88.25,7061,64,5774,1221,1.30793,0.534204355132431
354,88.5,7814,33,7142,637,1.40582,0.5471657390478576
355,88.75,6684,67,5337,1279,1.25892,0.5132237801566772
356,89.0,7188,52,6146,989,1.32444,0.5281452488171203
357,89.25,6947,26,6420,500,1.29311,0.4823535976702788
358,89.5,6764,14,6477,272,1.26932,0.4564172633418283
359,89.75,7042,56,5918,1067,1.30546,0.5234347881995248
360,90.0,6589,11,6355,221,1.24657,0.44195056427130736
361,90.25,6211,21,5780,409,1.19743,0.4289130872075244
362,90.5,6391,8,6230,152,1.22083,0.4248279211384974
363,90.75,6152,13,5887,251,1.1897600000000002,0.4153633336661266
364,91.0,6262,0,6248,13,1.20406,0.4078467192425246
365,91.25,6261,6,6124,129,1.20393,0.41493132090884366
366,91.5,5668,17,5327,323,1.12684,0.38835945105905373
367,91.75,6195,12,5954,228,1.19535,0.4167559397590927
368,92.0,6643,11,6404,226,1.25359,0.44577034469499166
369,92.25,6769,139,3977,2651,1.26997,0.6032837323467493
370,92.5,6741,1,6720,19,1.26633,0.43936960859382806
371,92.75,6590,14,6298,277,1.2467,0.44540875255890167
372,93.0,5406,68,4030,1306,1.09278,0.4318414786447126
373,93.25,5225,90,3411,1723,1.06925,0.4457356890106604
374,93.5,5229,21,4792,414,1.06977,0.3654298193913603
375,93.75,5722,68,4343,1309,1.13386,0.45254633181732223
376,94.0,4941,5,4836,99,1.03233,0.3272902575665402
377,94.25,4938,10,4722,204,1.0319399999999999,0.3335928964890819
378,94.5,4885,21,4446,416,1.0250499999999998,0.34315593004517575
379,94.75,5120,21,4696,402,1.0556,0.357603279090948
380,95.0,4593,15,4282,294,0.9870900000000001,0.31669859443002746
381,95.25,4622,33,3947,640,0.99086,0.33986562191638736
382,95.5,4934,34,4252,647,1.03142,0.36060446484832887
383,95.75,4616,41,3788,786,0.99008,0.3484519970674303
384,96.0,4638,12,4393,232,0.9929399999999999,0.3157821884577045
385,96.25,4619,0,4599,18,0.99047,0.30139302422334685
386,96.5,4758,11,4525,221,1.00854,0.322892265851515
387,96.75,5248,6,5110,130,1.0722399999999999,0.3491604864558228
388,97.0,5337,62,4078,1195,1.08381,0.4205429664256852
389,97.25,5655,17,5311,326,1.12515,0.38768159500734933
390,97.5,5678,27,5129,520,1.12814,0.40114091412091135
391,97.75,5390,65,4087,1237,1.0907,0.4265378506628296
392,98.0,5509,74,4015,1418,1.10617,0.4454346451595651
393,98.25,5292,37,4546,708,1.07796,0.3875992451961963
394,98.5,5465,10,5245,208,1.10045,0.36803993678073976
395,98.75,5955,15,5640,298,1.16415,0.4054843430972848
396,99.0,5550,14,5256,278,1.1115,0.3779055658842875
397,99.25,5856,2,5804,49,1.15128,0.38366448247007473
398,99.5,5306,19,4924,362,1.07978,0.3672360296744296
399,99.75,5466,10,5262,193,1.10058,0.36722122849083366
400,100.0,5843,37,5097,708,1.14959,0.4234098778584221
401,100.25,5881,50,4880,950,1.15453,0.44076850092367537
402,100.5,5739,21,5309,408,1.13607,0.3981726502455297
403,100.75,6740,38,5973,727,1.2662,0.48292835716343174
404,101.0,6163,54,5080,1028,1.19119,0.46392476083680645
405,101.25,6074,19,5677,376,1.1796200000000003,0.41801682517204125
406,101.5,6349,53,5269,1025,1.2153700000000003,0.4758196608748435
407,101.75,6409,67,5049,1291,1.22317,0.49610824294898104
408,102.0,6556,4,6468,83,1.24228,0.4312540259576626
409,102.25,6119,24,5634,460,1.18547,0.42609026533998406
410,102.5,7083,102,5042,1938,1.31079,0.5797519773329879
411,102.75,7197,58,6018,1119,1.32561,0.5367448673116436
412,103.0,7329,16,6990,322,1.34277,0.4962136200756637
413,103.25,7079,33,6408,637,1.31027,0.49938441768563513
414,103.5,7272,5,7167,99,1.33536,0.478790039441578
415,103.75,6903,7,6745,149,1.28739,0.45789525426232836
416,104.0,7499,1,7468,28,1.36487,0.4891900903641771
417,104.25,7408,23,6938,445,1.35304,0.5089743598375326
418,104.5,7275,71,5835,1367,1.33575,0.5570841583889166
419,104.75,7748,53,6677,1016,1.39724,0.566235482962655
420,105.0,7831,174,4333,3322,1.40803,0.7136032936233154
421,105.25,7645,69,6260,1315,1.38385,0.5779331964221822
422,105.5,7821,12,7570,238,1.40673,0.5230326911765151
423,105.75,7437,4,7351,81,1.35681,0.48839694337317685
424,106.0,8171,86,6448,1636,1.45223,0.6318875870865597
425,106.25,7575,7,7434,133,1.37475,0.500572046881452
426,106.5,7674,51,6643,978,1.38762,0.559094778516143
427,106.75,7939,52,6896,990,1.42207,0.5770213895089022
428,107.0,8283,74,6797,1411,1.46679,0.6252879860399702
429,107.25,8305,82,6656,1565,1.46965,0.6362500442325919
430,107.5,7985,65,6680,1239,1.42805,0.595365355350937
431,107.75,8228,35,7513,678,1.45964,0.5766043363839136
432,108.0,7493,13,7225,254,1.36409,0.5027218973024388
433,108.25,7780,57,6623,1098,1.4014,0.5733615270079145
434,108.5,7777,69,6388,1319,1.40101,0.5867300680979588
435,108.75,8346,10,8137,197,1.47498,0.5546650975306571
436,109.0,8714,8,8542,163,1.52282,0.576451916285378
437,109.25,8544,37,7791,714,1.50072,0.5993812043993794
438,109.5,8539,105,6437,1996,1.50007,0.6779924859582802
439,109.75,8884,39,8084,759,1.54492,0.6242203165748544
440,110.0,8317,84,6628,1604,1.47121,0.6393938503720651
441,110.25,7922,13,7644,263,1.41986,0.5311491564439724
442,110.5,8585,9,8393,181,1.50605,0.5692068511755549
443,110.75,7682,5,7581,95,1.38866,0.5052282909764527
444,111.0,7846,15,7526,303,1.40998,0.5286598519552259
445,111.25,7475,5,7364,104,1.36175,0.4923172587771416
446,111.5,7161,19,6767,373,1.32093,0.48847859776577396
447,111.75,7454,0,7445,7,1.35902,0.4849995083574609
448,112.0,7253,43,6390,819,1.33289,0.5219141216388363
449,112.25,7218,12,6959,245,1.32834,0.48426873121882513
450,112.5,7558,7,7417,133,1.37254,0.49947799127552295
451,112.75,6652,9,6453,188,1.25476,0.44401515814710896
452,113.0,6974,41,6147,785,1.29662,0.5016637027224089
453,113.25,6546,8,6366,170,1.24098,0.4359777240583615
454,113.5,5918,11,5694,212,1.15934,0.3977676295329601
455,113.75,6583,13,6317,252,1.24579,0.4434348137029008
456,114.0,6509,34,5809,664,1.23617,0.46400919082516173
457,114.25,6588,21,6160,406,1.24644,0.45324136204576976
458,114.5,6238,1,6207,28,1.20094,0.40724329613383553
459,114.75,5760,29,5172,558,1.1388,0.4087770068121891
460,115.0,5865,32,5213,618,1.15245,0.41931992055683354
461,115.25,6412,0,6404,6,1.22356,0.4172078717781669
462,115.5,5674,7,5517,148,1.1276200000000003,0.3779372598644407
463,115.75,6311,17,5967,325,1.21043,0.4302871149372779
464,116.0,6064,11,5826,225,1.17832,0.4080645651099409
465,116.25,5571,1,5543,26,1.11423,0.3637240570863873
466,116.5,5368,21,4931,414,1.08784,0.37447018409808636
467,116.75,5825,70,4422,1332,1.14725,0.4606535249945379
468,117.0,5367,35,4649,681,1.08771,0.39082840433964494
469,117.25,4908,7,4766,134,1.02804,0.32732329983919084
470,117.5,5478,29,4885,563,1.10214,0.39074782286480164
471,117.75,6662,1,6624,35,1.25606,0.43524092726680824
472,118.0,6827,6,6687,132,1.27751,0.4519261008712592
473,118.25,6544,44,5647,852,1.24072,0.4778343708579303
474,118.5,6234,0,6230,3,1.20042,0.405433957854722
475,118.75,6745,53,5668,1022,1.26685,0.5013942600259037
476,119.0,5461,77,3916,1467,1.09993,0.4453206918102956
477,119.25,5098,29,4499,569,1.0527399999999998,0.3664108223151084
478,119.5,5697,8,5523,165,1.13061,0.38047589353086564
479,119.75,5272,14,4974,282,1.07536,0.3600964717444865
480,120.0,4484,8,4311,164,0.97292,0.3015651038607724
481,120.25,4897,40,4079,776,1.02661,0.36611922914753664
482,120.5,3843,36,3103,702,0.8895900000000001,0.29305034972781385
483,120.75,3586,25,3076,484,0.85618,0.2629086672283034
484,121.0,5089,8,4914,165,1.05157,0.3409913395509302
485,121.25,3624,6,3491,126,0.8611200000000001,0.2433198238414216
486,121.5,4768,42,3915,810,1.00984,0.3598081982113236
487,121.75,4031,18,3660,352,0.91403,0.2836982820228116
488,122.0,4135,26,3614,494,0.9275499999999999,0.2992465437248731
489,122.25,4000,39,3208,752,0.91,0.3063262074625965
490,122.5,4482,6,4344,130,0.9726599999999999,0.2993935615134112
491,122.75,3865,14,3570,279,0.8924500000000001,0.2684397591012537
492,123.0,3799,7,3646,145,0.8838700000000002,0.2558843038224744
493,123.25,4891,70,3471,1348,1.02583,0.400978999899505
494,123.5,4228,19,3846,362,0.93964,0.29716495557634076
495,123.75,4757,56,3617,1082,1.0084099999999998,0.3758458657555798
496,124.0,4274,24,3791,458,0.9456200000000001,0.3060321918598546
497,124.25,4881,32,4224,623,1.02453,0.35568016479374776
498,124.5,6225,82,4571,1570,1.19925,0.5013562411048745
499,124.75,5635,12,5378,243,1.12255,0.3812861500752537
500,125.0,5288,49,4298,939,1.07744,0.4016021659721701
501,125.25,6452,29,5870,552,1.22876,0.4533962336210134
502,125.5,6300,8,6123,168,1.209,0.41984637230760297
503,125.75,5958,58,4780,1118,1.16454,0.4561736225325286
504,126.0,6114,1,6086,26,1.18482,0.39902144976316933
505,126.25,4945,58,3776,1109,1.03285,0.389761118233886
506,126.5,5782,49,4797,935,1.14166,0.4334082943391293
507,126.75,5273,28,4703,541,1.0754899999999998,0.3760790749399192
508,127.0,5084,63,3811,1208,1.05092,0.4048743495308107
509,127.25,5649,2,5589,56,1.1243700000000003,0.3706843983374633
510,127.5,5401,21,4970,409,1.0921299999999998,0.3762553877358498
511,127.75,5421,14,5127,278,1.09473,0.36952358436992366
512,128.0,5670,74,4185,1410,1.1271,0.4553806763510087
513,128.25,5892,28,5328,535,1.15596,0.4159736139336739
514,128.5,5516,20,5113,381,1.10708,0.3820605098918305
515,128.75,6406,15,6087,302,1.22278,0.43503885207223986
516,129.0,6251,36,5525,688,1.2026299999999999,0.4487288055111853
517,129.25,5992,10,5775,205,1.16896,0.4021440673711943
518,129.5,5881,33,5204,642,1.15453,0.4218582047821995
519,129.75,6170,46,5234,888,1.1921,0.4557857201550997
520,130.0,6509,26,5969,512,1.23617,0.45463193397377816
521,130.25,6499,22,6046,430,1.23487,0.4489197481707951
522,130.5,6626,17,6276,331,1.25138,0.45111780539214635
523,130.75,6192,2,6150,39,1.19496,0.4049174084086505
524,131.0,5481,7,5325,147,1.10253,0.36537346575578417
525,131.25,6751,12,6491,246,1.26763,0.45400519387035404
526,131.5,6339,61,5111,1166,1.21407,0.4838383482037484
527,131.75,6597,69,5213,1313,1.24761,0.5097129331470599
528,132.0,6900,29,6315,555,1.287,0.48270841874221443
529,132.25,7127,66,5800,1260,1.31651,0.540869997551738
530,132.5,6194,33,5523,637,1.19522,0.44184050108700246
531,132.75,6417,54,5332,1030,1.22421,0.4805686646548906
532,133.0,6769,19,6376,372,1.26997,0.4629229533035848
533,133.25,6083,14,5798,270,1.18079,0.41206266321401935
534,133.5,6134,30,5528,575,1.18742,0.4341292513359703
535,133.75,6099,34,5408,656,1.1828700000000003,0.4368399892746167
536,134.0,6230,1,6205,23,1.1999,0.4064123836679914
537,134.25,6131,7,5973,149,1.18703,0.40773263721281705
538,134.5,5973,17,5631,323,1.1664899999999998,0.4081944461188366
539,134.75,5812,30,5208,573,1.14556,0.4130700456579454
540,135.0,6292,4,6192,94,1.20796,0.414797718626046
541,135.25,6392,37,5637,716,1.22096,0.4596036554728129
542,135.5,6375,52,5316,1005,1.21875,0.4762827311810495
543,135.75,5722,12,5465,243,1.13386,0.3869462966720714
544,136.0,6056,53,4984,1017,1.17728,0.4563166199860979
545,136.25,5801,41,4978,781,1.1441299999999999,0.4251758078089142
546,136.5,5488,102,3440,1945,1.10344,0.4764957026923937
547,136.75,5805,89,4021,1694,1.14465,0.4816726997280628
548,137.0,5325,101,3286,1936,1.08225,0.4653942952428585
549,137.25,5321,22,4866,431,1.08173,0.37246303176307316
550,137.5,4943,5,4836,101,1.0325900000000001,0.32751825770585996
551,137.75,5139,23,4677,438,1.05807,0.36101708341889066
552,138.0,5276,3,5199,72,1.0758799999999997,0.3474309939746124
553,138.25,5592,15,5276,299,1.11696,0.3819214843408665
554,138.5,4937,52,3878,1005,1.0318100000000001,0.38281897891839456
555,138.75,4654,40,3843,770,0.9950199999999999,0.3499278987744163
556,139.0,5338,7,5195,135,1.08394,0.35530869312416213
557,139.25,4662,13,4387,261,0.9960600000000002,0.3191067564821837
558,139.5,4216,23,3737,454,0.93808,0.30202459991624697
559,139.75,4709,8,4541,159,1.00217,0.3158930016402903
560,140.0,4502,1,4463,36,0.9752600000000001,0.2948771378261757
561,140.25,5223,5,5122,95,1.0689899999999997,0.34534537482422667
562,140.5,4612,1,4583,26,0.9895600000000001,0.30143006719337145
563,140.75,4364,36,3637,690,0.95732,0.3261543964927066
564,141.0,5756,55,4643,1057,1.13828,0.4392303858101685
565,141.25,6079,14,5783,280,1.18027,0.4124158128924788
566,141.5,4684,28,4104,550,0.99892,0.3383591832290392
567,141.75,4295,3,4232,59,0.94835,0.28281151170302166
568,142.0,3906,81,2285,1539,0.89778,0.3486986008987896
569,142.25,4285,12,4044,228,0.9470499999999998,0.29262247707937955
570,142.5,4076,10,3860,204,0.9198799999999999,0.2775247934423361
571,142.75,4198,25,3688,484,0.9357399999999999,0.30268268311142715
572,143.0,3934,0,3927,6,0.90142,0.25608487589801915
573,143.25,3909,15,3602,291,0.89817,0.2720404981298889
574,143.5,3884,33,3209,640,0.89492,0.2919287673597429
575,143.75,4285,8,4111,164,0.9470499999999998,0.2886835676174214
576,144.0,3889,33,3224,630,0.89557,0.29163378919090976
577,144.25,3864,27,3316,520,0.89232,0.28318591728111175
578,144.5,3727,31,3096,598,0.8745100000000001,0.27913706722510045
579,144.75,4159,6,4033,119,0.93067,0.2776948812676776
580,145.0,4134,18,3765,350,0.92742,0.2902910049209583
581,145.25,3929,11,3706,210,0.9007699999999998,0.2683754737849217
582,145.5,3878,65,2576,1236,0.89414,0.32820610189023675
583,145.75,4686,37,3936,711,0.99918,0.3484208149735497
584,146.0,3596,23,3117,454,0.8574800000000001,0.2617187192185198
585,146.25,4350,8,4178,163,0.9555,0.29279901287458343
586,146.5,4635,10,4424,200,0.9925499999999999,0.3135937280202862
587,146.75,3281,42,2434,804,0.81653,0.2628017198094427
588,147.0,4589,6,4450,131,0.98657,0.30638195722465494
589,147.25,4342,36,3602,702,0.95446,0.32546175457500054
590,147.5,4546,55,3435,1054,0.9809800000000001,0.36042717485333625
591,147.75,4436,36,3703,695,0.96668,0.33119645941304343
592,148.0,4922,19,4539,363,1.02986,0.3423062069287168
593,148.25,4778,25,4277,475,1.01114,0.33986000737545635
594,148.5,4780,14,4485,279,1.0114,0.3279078893913553
595,148.75,4544,54,3461,1028,0.98072,0.35867264424320644
596,149.0,5454,7,5313,133,1.09902,0.362757175051116
597,149.25,4968,50,3961,955,1.03584,0.3817842805705662
598,149.5,5730,82,4084,1563,1.1349,0.46871506270059843
599,149.75,5699,42,4850,806,1.1308700000000003,0.4200939953175457
600,150.0,4666,1,4644,20,0.99658,0.3045356393600872
601,150.25,5081,3,5020,57,1.05053,0.3337982400157583
602,150.5,5045,29,4455,560,1.04585,0.362434926094492
603,150.75,5419,19,5033,366,1.09447,0.3747845855603756
604,151.0,5566,9,5374,181,1.11358,0.3729672889631182
605,151.25,5654,0,5640,12,1.12502,0.3683040246593368
606,151.5,5975,13,5702,258,1.16675,0.4043205085209364
607,151.75,6178,72,4732,1372,1.19314,0.48611602035872165
608,152.0,6090,33,5420,635,1.1817,0.434993849092885
609,152.25,5698,47,4754,896,1.1307399999999999,0.4255598264688466
610,152.5,5695,27,5144,523,1.13035,0.4024055435879405
611,152.75,5992,3,5916,71,1.16896,0.39390983036435995
612,153.0,6176,19,5790,365,1.1928799999999997,0.42396804158179724
613,153.25,6047,66,4726,1254,1.17611,0.470275550330323
614,153.5,5748,4,5653,90,1.1372399999999998,0.37916241874162393
615,153.75,6402,49,5421,931,1.22226,0.47350030799291276
616,154.0,6121,12,5867,240,1.18573,0.4126666947944029
617,154.25,6149,17,5793,337,1.1893700000000003,0.42047356768683913
618,154.5,6292,15,5974,301,1.20796,0.42752477916081727
619,154.75,6264,16,5941,306,1.20432,0.42603106713123134
620,155.0,6249,38,5474,735,1.2023700000000002,0.4514875293823069
621,155.25,5992,47,5044,899,1.16896,0.4448903411819562
622,155.5,6356,27,5798,529,1.21628,0.4457363081319713
623,155.75,6608,28,6038,540,1.24904,0.4628327292333193
624,156.0,6479,114,4185,2178,1.23227,0.5552879709871579
625,156.25,6681,12,6425,242,1.25853,0.44920494364226915
626,156.5,6171,23,5703,444,1.19223,0.4284872243844152
627,156.75,5993,5,5877,109,1.16909,0.39628649431893065
628,157.0,6285,1,6247,36,1.20705,0.41074651870820933
629,157.25,6152,2,6093,55,1.1897600000000002,0.4032740427859556
630,157.5,6155,3,6094,57,1.19015,0.4036115078487928
631,157.75,6339,74,4858,1406,1.21407,0.4986730083358026
632,158.0,6088,4,5998,84,1.18144,0.4009385666514662
633,158.25,5822,30,5210,580,1.14686,0.4142011720777626
634,158.5,5984,7,5826,149,1.16792,0.39815040893663795
635,158.75,6204,79,4606,1517,1.19652,0.4967035651630006
636,159.0,6249,7,6108,133,1.2023700000000002,0.4144289676325878
637,159.25,6189,6,6061,120,1.19457,0.40972013495439713
638,159.5,6057,0,6042,13,1.17741,0.39452630642114284
639,159.75,5816,38,5051,726,1.14608,0.42275413252205035
640,160.0,5921,7,5762,150,1.15973,0.3941608888342765
641,160.25,5718,10,5516,191,1.13334,0.3834737914839545
642,160.5,5693,5,5580,107,1.13009,0.37665002357959676
643,160.75,5303,46,4363,892,1.07939,0.39962831273094634
644,161.0,5523,20,5117,384,1.1079899999999998,0.3826888323097278
645,161.25,5547,5,5431,109,1.11111,0.3673002893711691
646,161.5,5458,9,5273,175,1.09954,0.36558790330230473
647,161.75,4892,2,4847,42,1.02596,0.3206083654559431
648,162.0,5228,3,5155,68,1.06964,0.34405901990258747
649,162.25,4688,1,4655,31,0.9994399999999999,0.3066375835918407
650,162.5,5095,15,4791,288,1.05235,0.34893140739672296
651,162.75,4755,8,4592,154,1.00815,0.31858164615374784
652,163.0,5401,8,5227,165,1.0921299999999998,0.36124297524114585
653,163.25,4850,8,4681,160,1.0205,0.3251191563041693
654,163.5,4981,10,4779,191,1.03753,0.33556394905511944
655,163.75,5302,21,4876,404,1.0792600000000003,0.36954214026194854
656,164.0,4354,65,3047,1240,0.9560199999999999,0.35942206126221005
657,164.25,4664,23,4198,441,0.99632,0.3303765298763667
658,164.5,4113,0,4093,18,0.9246899999999999,0.2684962545880634
659,164.75,4512,65,3209,1237,0.9765600000000001,0.36949860740887636
660,165.0,4881,13,4616,250,1.02453,0.3327166904804029
661,165.25,4109,10,3896,201,0.92417,0.2794992916135902
662,165.5,3982,19,3590,371,0.9076599999999999,0.28170420723945805
663,165.75,4174,12,3922,239,0.9326200000000001,0.28603013809833605
664,166.0,4774,38,4002,732,1.01062,0.35541832870161366
665,166.25,4355,19,3967,368,0.95615,0.3057530934037096
666,166.5,3819,0,3815,3,0.88647,0.24844216702495112
667,166.75,4500,38,3723,737,0.975,0.33790004551178615
668,167.0,3544,27,2994,521,0.85072,0.2624949110906752
669,167.25,4664,13,4397,252,0.99632,0.3187244611807628
670,167.5,4267,15,3965,285,0.94471,0.29496554858650764
671,167.75,4531,91,2708,1731,0.97903,0.40112433320936525
672,168.0,4505,33,3837,634,0.97565,0.3318954923484447
673,168.25,5054,24,4559,469,1.0470199999999998,0.35742262369553696
674,168.5,4972,5,4864,102,1.03636,0.3294827943982319
675,168.75,4726,7,4574,143,1.0043799999999998,0.31605552043781737
676,169.0,4662,68,3288,1304,0.9960600000000002,0.38335915130998605
677,169.25,5231,34,4549,647,1.07003,0.3798804762102661
678,169.5,5293,41,4467,784,1.07809,0.39234960004357716
679,169.75,5544,82,3903,1558,1.11072,0.45632599866449725
680,170.0,5049,45,4144,859,1.04637,0.38110724359800313
681,170.25,5210,43,4345,821,1.0673,0.3892309196555814
682,170.5,4895,33,4233,628,1.02635,0.3568801019819622
683,170.75,5834,54,4739,1039,1.14842,0.4432183799872098
684,171.0,5460,21,5026,412,1.0998,0.3802871940488691
685,171.25,5727,0,5710,15,1.1345100000000001,0.37323393349122613
686,171.5,5814,62,4560,1190,1.14582,0.4512370841449058
687,171.75,6104,26,5578,499,1.18352,0.42753053004002206
688,172.0,5500,26,4979,494,1.105,0.3879723144430539
689,172.25,6045,7,5904,133,1.17585,0.401115523427479
690,172.5,5918,38,5152,727,1.15934,0.4294436916603793
691,172.75,6649,14,6368,266,1.25437,0.44859101946505614
692,173.0,5861,3,5781,75,1.15193,0.3856161809950675
693,173.25,6558,57,5417,1083,1.24254,0.4930065707113087
694,173.5,6409,12,6157,238,1.22317,0.43130036120266446
695,173.75,6491,5,6386,99,1.23383,0.4280274705088769
696,174.0,6516,5,6415,95,1.23708,0.42939032513316194
697,174.25,7002,18,6637,346,1.30026,0.47644112794588905
698,174.5,6774,118,4402,2252,1.27062,0.5790141606005409
699,174.75,6335,2,6278,53,1.21355,0.4150863983874813
700,175.0,7254,37,6498,717,1.33302,0.5156963675748732
701,175.25,7293,8,7116,167,1.33809,0.4843585430928101
702,175.5,7250,97,5305,1847,1.3325,0.5850145927734922
703,175.75,6824,8,6652,162,1.27712,0.45358108132496344
704,176.0,6958,34,6277,646,1.29454,0.4920845518701557
705,176.25,6770,22,6316,430,1.2701,0.4665813618570229
706,176.5,7551,9,7356,184,1.37163,0.502181212848138
707,176.75,7084,62,5831,1190,1.31092,0.5337536124638594
708,177.0,7045,25,6536,482,1.30585,0.48765054106897565
709,177.25,8010,77,6453,1479,1.4313,0.6117308833707639
710,177.5,7920,26,7394,499,1.4196,0.5455682714933691
711,177.75,7647,35,6945,666,1.38411,0.5381173917441203
712,178.0,7758,85,6055,1616,1.39854,0.6038406545631332
713,178.25,7123,43,6250,828,1.31599,0.514036258323423
714,178.5,8160,151,5121,2886,1.4508,0.7081512785581937
715,178.75,7712,96,5776,1838,1.39256,0.6145129222276708
716,179.0,8047,21,7615,410,1.43611,0.5483131681715251
717,179.25,7224,29,6642,552,1.32912,0.5035860152896539
718,179.5,8280,5,8178,96,1.4664,0.5441167110910636
719,179.75,7770,25,7252,491,1.4001,0.5353289795165193
720,180.0,7587,17,7241,328,1.37631,0.5133831087715813
721,180.25,7894,29,7295,568,1.41622,0.5481184288554114
722,180.5,7808,64,6513,1230,1.40504,0.5832650724297465
723,180.75,8293,51,7272,969,1.46809,0.598768523611794
724,181.0,7822,6,7700,115,1.40686,0.5155656736384677
725,181.25,8329,8,8157,163,1.47277,0.5514366760772953
726,181.5,7984,39,7191,753,1.42792,0.5653374415361532
727,181.75,8113,2,8071,39,1.44469,0.5297605625554905
728,182.0,7798,20,7380,396,1.40374,0.5312717060549943
729,182.25,8128,5,8015,106,1.44664,0.5348835984647512
730,182.5,7343,73,5864,1404,1.34459,0.5638092924334899
731,182.75,7661,5,7559,96,1.38593,0.5039003228830234
732,183.0,7441,1,7407,31,1.35733,0.48562424637257395
733,183.25,7908,56,6771,1080,1.41804,0.5805317937815306
734,183.5,7862,49,6865,946,1.41206,0.5692964912948055
735,183.75,7333,21,6902,409,1.34329,0.5018328850830405
736,184.0,6862,17,6510,334,1.28206,0.466614479494681
737,184.25,7291,67,5935,1287,1.33783,0.5532108287147737
738,184.5,6574,0,6558,14,1.24462,0.428199442199745
739,184.75,7470,27,6919,522,1.3611,0.5177426170790175
740,185.0,6746,55,5629,1060,1.26698,0.5038100090117035
741,185.25,8486,66,7163,1256,1.49318,0.6289422606150233
742,185.5,8195,37,7450,707,1.45535,0.5762295954802358
743,185.75,8031,73,6553,1403,1.43403,0.6084423802749434
744,186.0,8424,9,8233,181,1.48512,0.558708690714897
745,186.25,8057,4,7974,78,1.43741,0.5285460223905295
746,186.5,8020,59,6838,1122,1.4326,0.5904366326476452
747,186.75,7609,60,6401,1146,1.37917,0.5651962845567499
748,187.0,6368,3,6295,68,1.21784,0.418144355859254
749,187.25,6305,11,6078,215,1.20965,0.42307199866814554
750,187.5,5863,10,5657,195,1.15219,0.3931173858542073
751,187.75,6216,19,5817,378,1.19808,0.42736092874391934
752,188.0,5718,2,5660,54,1.13334,0.37502080268011334
753,188.25,5900,0,5895,4,1.157,0.38377811604977397
754,188.5,5099,13,4837,248,1.0528700000000002,0.3467159717677435
755,188.75,6261,48,5294,917,1.20393,0.4634770537608601
756,189.0,6002,8,5827,165,1.1702600000000003,0.4003321466712945
757,189.25,6063,21,5640,401,1.17819,0.41882424940085283
758,189.5,5987,34,5293,658,1.16831,0.4297014916551046
759,189.75,5935,23,5457,453,1.16155,0.4137173663896727
760,190.0,5385,39,4589,755,1.09005,0.3965702224916577
761,190.25,4985,20,4566,397,1.03805,0.34851940308520135
762,190.5,5284,36,4547,699,1.07692,0.3865393971871129
763,190.75,5449,13,5175,260,1.0983700000000003,0.3702100428720972
764,191.0,4628,30,4008,588,0.99164,0.3370831020291702
765,191.25,4794,47,3844,901,1.01322,0.3671355664984552
766,191.5,4791,82,3134,1573,1.01283,0.40833518872017244
767,191.75,5746,64,4455,1226,1.13698,0.4489976173473171
768,192.0,5928,33,5253,640,1.16064,0.4247884177316516
769,192.25,6383,9,6190,182,1.21979,0.4261362143763057
770,192.5,6517,67,5168,1281,1.23721,0.5025188554107289
771,192.75,6131,10,5923,197,1.18703,0.4106718524041603
772,193.0,6024,2,5980,41,1.1731200000000002,0.3940991643062919
773,193.25,6391,23,5925,442,1.22083,0.442636674738214
774,193.5,4404,36,3674,693,0.9625199999999999,0.32894425800669824
775,193.75,4838,3,4760,73,1.01894,0.31901517579186806
776,194.0,4504,28,3928,546,0.9755199999999998,0.3264174280033252
777,194.25,4933,9,4741,182,1.03129,0.3318619357455889
778,194.5,5079,0,5077,1,1.05027,0.3302045929689929
779,194.75,5815,0,5799,14,1.14595,0.3788874830739916
780,195.0,4611,5,4499,105,0.98943,0.30623012852433185
781,195.25,7091,79,5495,1515,1.31183,0.5542618309652939
782,195.5,7478,2,7421,53,1.36214,0.48936243103521715
783,195.75,5789,9,5607,172,1.14257,0.3869051614936582
784,196.0,6188,21,5750,415,1.19444,0.4278233785402477
785,196.25,5884,8,5705,169,1.15492,0.3928888424995832
786,196.5,6038,62,4779,1195,1.17494,0.4661170423077839
787,196.75,5466,29,4881,555,1.10058,0.3894719694365235
788,197.0,5815,34,5122,657,1.14595,0.41846387538693497
789,197.25,7303,57,6146,1099,1.33939,0.542374542638195
790,197.5,8106,2,8054,48,1.44378,0.5298786001856088
791,197.75,8137,34,7451,651,1.44781,0.5690218257332581
792,198.0,8225,47,7280,896,1.45925,0.5898575868676492
793,198.25,6333,12,6092,228,1.21329,0.42570424857621864
794,198.5,6403,18,6023,360,1.22239,0.43836750456836054
795,198.75,6855,5,6739,109,1.28115,0.45232249487021076
796,199.0,6687,61,5453,1172,1.25931,0.5068296822342071
797,199.25,6676,14,6384,277,1.25788,0.45100467886733986
798,199.5,6921,89,5135,1695,1.28973,0.5543009729813497
799,199.75,6965,36,6236,692,1.29545,0.4953434951453583
800,200.0,6989,49,5993,945,1.29857,0.5125061100687677
801,200.25,6965,14,6678,272,1.29545,0.46949678723659366
802,200.5,7547,2,7502,42,1.37111,0.4931770440617459
803,200.75,7955,16,7615,322,1.42415,0.5369595381785804
804,201.0,7548,14,7262,271,1.37124,0.507324305016815
805,201.25,7694,61,6466,1166,1.39022,0.5719449756549168
806,201.5,7850,59,6651,1138,1.4105,0.5803507910330867
807,201.75,7857,19,7470,367,1.41141,0.5333140537121908
808,202.0,7544,18,7179,346,1.37072,0.5117031514295276
809,202.25,8361,36,7626,697,1.47693,0.586424816680312
810,202.5,7658,109,5467,2081,1.38554,0.6259203335556813
811,202.75,8114,49,7115,948,1.44482,0.5858139111715824
812,203.0,8107,41,7285,780,1.44391,0.5749920227403078
813,203.25,7383,57,6241,1084,1.34979,0.5466999954911833
814,203.5,7879,101,5845,1931,1.41427,0.6310824255900309
815,203.75,8013,17,7668,327,1.43169,0.5410018300838292
816,204.0,8039,15,7737,286,1.43507,0.5401695055992531
817,204.25,9872,52,8819,1000,1.67336,0.7032698988670756
818,204.5,9999,67,8656,1275,1.6898700000000002,0.7284753312659635
819,204.75,9754,4,9659,89,1.65802,0.6395405228847151
820,205.0,9840,211,5605,4023,1.6692,0.8873351170741848
821,205.25,9692,10,9472,208,1.64996,0.6428179090514284
822,205.5,9365,20,8961,383,1.60745,0.6323560531049536
823,205.75,9640,70,8239,1330,1.6432,0.7085477641202639
824,206.0,8023,23,7560,439,1.43299,0.5485515036875325
825,206.25,8079,1,8056,21,1.44027,0.5264455005290256
826,206.5,7851,67,6495,1288,1.41063,0.58962942792353
827,206.75,8028,14,7729,283,1.43364,0.5392990871239695
828,207.0,7686,36,6948,700,1.38918,0.5427543675250387
829,207.25,7748,107,5603,2036,1.39724,0.6290501364593368
830,207.5,7694,0,7692,1,1.39022,0.5001850014010102
831,207.75,7266,60,6060,1144,1.33458,0.5427976465882138
832,208.0,7467,37,6716,712,1.36071,0.5292322509991995
833,208.25,6881,24,6398,458,1.28453,0.47548142598950777
834,208.5,7178,24,6691,462,1.32314,0.49505394219118903
835,208.75,7155,100,5145,1908,1.32015,0.5826249771615215
836,209.0,7203,25,6692,485,1.32639,0.49806418487028525
837,209.25,7038,4,6949,83,1.30494,0.46261996886083157
838,209.5,7999,38,7228,731,1.42987,0.5649949085735703
839,209.75,7552,43,6690,818,1.37176,0.5413057045283259
840,210.0,7380,38,6617,724,1.3494,0.5243044157639687
841,210.25,7303,93,5424,1784,1.33939,0.5845925367881387
842,210.5,7368,27,6809,530,1.34784,0.5115799196060096
843,210.75,6649,24,6155,468,1.25437,0.46104368922314287
844,211.0,6511,21,6088,401,1.23643,0.4479209309033036
845,211.25,6031,20,5630,380,1.17403,0.41545744335179435
846,211.5,5801,51,4769,979,1.1441299999999999,0.43738887746356614
847,211.75,5077,27,4520,528,1.0500100000000003,0.3625412066325248
848,212.0,5738,28,5177,532,1.13594,0.40574209064376726
849,212.25,5607,15,5299,291,1.11891,0.38242751294189314
850,212.5,5317,0,5311,4,1.08121,0.34590222779228263
851,212.75,5309,53,4242,1013,1.08017,0.4075031733963013
852,213.0,5431,1,5396,33,1.09603,0.35505674303524776
853,213.25,5195,27,4637,529,1.06535,0.3702605102027374
854,213.5,5481,23,5002,454,1.10253,0.38423990275152653
855,213.75,5028,4,4938,85,1.04364,0.332083682055446
856,214.0,5247,72,3789,1384,1.07211,0.4263012476222671
857,214.25,6375,18,6001,354,1.21875,0.4362099051748502
858,214.5,5969,15,5651,301,1.16597,0.4065684359876904
859,214.75,6052,14,5763,274,1.1767600000000003,0.4102680704299417
860,215.0,5138,37,4386,713,1.05794,0.3779127262047709
861,215.25,5031,58,3862,1110,1.04403,0.3953926161938613
862,215.5,4992,25,4481,485,1.03896,0.3543654536804088
863,215.75,4831,23,4358,448,1.01803,0.34164844595264504
864,216.0,5045,20,4631,392,1.04585,0.35208566692360016
865,216.25,4918,1,4881,34,1.0293400000000001,0.3218072761984738
866,216.5,5476,50,4459,965,1.1018799999999997,0.41541629667124086
867,216.75,5272,19,4879,372,1.07536,0.3656284066220917
868,217.0,4615,20,4212,382,0.9899500000000001,0.3235186070606151
869,217.25,4660,30,4040,588,0.9957999999999999,0.33915485636129594
870,217.5,5075,15,4762,296,1.04975,0.3481467369547815
871,217.75,5036,3,4962,69,1.04468,0.3316382768281003
872,218.0,5146,17,4799,329,1.05898,0.3547843422013716
873,218.25,5448,43,4586,818,1.0982399999999997,0.4045248995813598
874,218.5,5404,18,5034,350,1.09252,0.3728741237443301
875,218.75,5463,37,4707,717,1.10019,0.3992907099517579
876,219.0,5873,62,4623,1186,1.1534899999999997,0.45483751455090543
877,219.25,5094,5,4981,106,1.05222,0.33768091696331576
878,219.5,5618,25,5116,476,1.12034,0.3945150222763488
879,219.75,5492,53,4424,1014,1.10396,0.41944065928052604
880,220.0,6180,3,6110,65,1.1934,0.4057542714795813
881,220.25,5173,11,4941,220,1.0624899999999997,0.34981241642744626
882,220.5,5276,14,4985,276,1.0758799999999997,0.3599476955926704
883,220.75,6109,24,5625,459,1.18417,0.42537451820934463
884,221.0,6449,16,6118,313,1.22837,0.4385072258073209
885,221.25,6439,10,6231,197,1.22707,0.43069542468028155
886,221.5,6063,22,5609,430,1.17819,0.42060282651956427
887,221.75,6853,0,6843,8,1.28089,0.4459903494167095
888,222.0,6130,14,5837,278,1.1869,0.4155744227399486
889,222.25,6990,27,6435,526,1.2987,0.48678695177022524
890,222.5,6366,1,6336,28,1.21758,0.41551428014380726
891,222.75,6687,16,6365,305,1.25931,0.45346840020165885
892,223.0,7080,13,6801,264,1.3104,0.47648916164044713
893,223.25,6542,33,5869,639,1.24046,0.4645826576144827
894,223.5,7514,38,6742,733,1.36682,0.533570846639287
895,223.75,7056,29,6456,569,1.30728,0.49373557321586276
896,224.0,7291,46,6355,888,1.33783,0.5286313746709791
897,224.25,7682,3,7607,70,1.38866,0.5036746042494613
898,224.5,7175,14,6891,269,1.32275,0.4829686658555304
899,224.75,7807,11,7585,210,1.40491,0.5204162416762104
900,225.0,8052,35,7347,668,1.43676,0.5645761505813011
901,225.25,7431,47,6472,910,1.35603,0.5390871734897029
902,225.5,8100,57,6956,1086,1.443,0.5934202074803939
903,225.75,7219,17,6869,331,1.32847,0.4896790206887535
904,226.0,7915,14,7631,269,1.41895,0.5310570779320133
905,226.25,7476,39,6681,754,1.36188,0.5324099640932525
906,226.5,8168,153,5106,2908,1.45184,0.7100385887427859
907,226.75,8178,3,8113,60,1.45314,0.5353232992306841
908,227.0,8572,109,6391,2071,1.50436,0.6847300573290203
909,227.25,8397,77,6850,1468,1.48161,0.6362482012614754
910,227.5,7937,15,7634,287,1.42181,0.5335795759020285
911,227.75,8521,109,6337,2074,1.49773,0.6816167973950285
912,228.0,9018,65,7704,1247,1.56234,0.6629966948574999
913,228.25,8827,24,8337,464,1.53751,0.6023806275314447
914,228.5,9301,9,9108,183,1.59913,0.6158499551912451
915,228.75,8170,63,6900,1206,1.4521,0.6053361402956631
916,229.0,8605,130,5994,2480,1.50865,0.7120600855680095
917,229.25,8079,62,6827,1188,1.44027,0.5983322957572436
918,229.5,7641,0,7634,5,1.38333,0.49702928044378625
919,229.75,8065,18,7687,358,1.43845,0.5462985762121009
920,230.0,8188,13,7913,260,1.45444,0.5482600661477538
921,230.25,7781,17,7433,330,1.40153,0.5261148907939859
922,230.5,7160,86,5420,1652,1.3208,0.5671641171949815
923,230.75,7539,7,7382,148,1.37007,0.49919434326925766
924,231.0,7872,22,7419,430,1.41336,0.5381678027855317
925,231.25,7638,95,5724,1818,1.38294,0.608423733256795
926,231.5,7366,28,6805,532,1.34758,0.5115896354922702
927,231.75,7725,1,7702,21,1.39425,0.5034386660661816
928,232.0,7471,38,6692,740,1.36123,0.5311846085241423
929,232.25,7408,4,7316,86,1.35304,0.4868711896855199
930,232.5,6950,24,6451,473,1.2935,0.4809257377727998
931,232.75,6829,0,6824,4,1.27777,0.44414730670205965
932,233.0,6378,2,6319,55,1.21914,0.417997299797834
933,233.25,6714,40,5911,762,1.26282,0.48335949062553235
934,233.5,6976,56,5839,1080,1.29688,0.519951286340838
935,233.75,6536,41,5710,783,1.23968,0.4731053412749644
936,234.0,6633,3,6572,57,1.25229,0.43470426675061763
937,234.25,6735,66,5412,1256,1.26555,0.5151431796346543
938,234.5,6416,129,3817,2468,1.22408,0.5690662510021443
939,234.75,6348,14,6056,277,1.2152399999999999,0.42968752225328816
940,235.0,5704,59,4520,1124,1.13152,0.43999401863605914
941,235.25,5921,1,5900,19,1.15973,0.3860807324378774
942,235.5,6443,74,4950,1417,1.22759,0.506100086484663
943,235.75,5867,28,5305,533,1.15271,0.41419208279967645
944,236.0,6319,44,5423,851,1.21147,0.4631499144450849
945,236.25,6365,7,6222,134,1.21745,0.4220337125262257
946,236.5,6572,21,6151,399,1.24436,0.4517842228275166
947,236.75,6311,24,5824,461,1.21043,0.43865619367547987
948,237.0,6532,33,5868,630,1.23916,0.46340229073814115
949,237.25,5640,12,5380,246,1.1232,0.3817801735926335
950,237.5,5490,21,5059,408,1.1037,0.38200837652278247
951,237.75,5565,27,5013,524,1.11345,0.39399719515485765
952,238.0,7019,19,6621,377,1.30247,0.4794853345441302
953,238.25,6920,31,6299,589,1.2896,0.48608171245734577
954,238.5,6409,50,5400,958,1.22317,0.47560905936841436
955,238.75,7094,13,6823,256,1.31222,0.4769122982066918
956,239.0,6925,13,6651,259,1.29025,0.4661012990320868
957,239.25,5008,44,4123,840,1.04104,0.37726302929915506
958,239.5,4955,3,4890,61,1.03415,0.3258707615014623
959,239.75,4992,18,4629,344,1.03896,0.3456974899731305
960,240.0,4929,55,3817,1055,1.03077,0.385401635660356
961,240.25,4844,28,4279,536,1.01972,0.34788440369482143
962,240.5,5084,19,4684,379,1.05092,0.35384758987607984
963,240.75,5174,2,5131,40,1.0626200000000003,0.3387818489162447
964,241.0,4819,24,4323,470,1.01647,0.3422240234852829
965,241.25,4959,12,4715,231,1.03467,0.33656030042184515
966,241.5,5052,0,5033,17,1.0467600000000001,0.3294336754037664
967,241.75,5156,18,4788,349,1.06028,0.3566494279055888
968,242.0,5162,56,4022,1082,1.06106,0.4022149381160971
969,242.25,5450,13,5178,257,1.0985,0.3701103235174368
970,242.5,4814,32,4168,612,1.01582,0.3506428512391616
971,242.75,4929,26,4396,506,1.03077,0.3515449488933227
972,243.0,5497,127,2954,2414,1.10461,0.5060139241882864
973,243.25,5330,14,5040,274,1.0829,0.3633735694596668
974,243.5,5852,25,5338,487,1.1507600000000002,0.4104285786964278
975,243.75,6017,45,5114,857,1.17221,0.44391155162997337
976,244.0,5820,38,5054,726,1.1466,0.4230614996633804
977,244.25,5514,51,4481,980,1.10682,0.41880715494171744
978,244.5,6242,17,5883,341,1.20146,0.42673131793684993
979,244.75,6077,37,5324,715,1.1800100000000002,0.439046994361527
980,245.0,5665,1,5639,24,1.12645,0.36970882293253754
981,245.25,5787,28,5217,540,1.14231,0.4094663236689568
982,245.5,6759,16,6425,316,1.26867,0.458850745549882
983,245.75,6807,28,6238,540,1.27491,0.47573751966933236
984,246.0,5744,13,5475,254,1.13672,0.38904268026373645
985,246.25,6190,3,6123,63,1.1947,0.4062392261474763
986,246.5,7038,16,6699,321,1.30494,0.47727973477379637
987,246.75,6787,51,5762,973,1.27231,0.5010921464134389
988,247.0,7098,4,7012,81,1.31274,0.46637726610299424
989,247.25,6963,7,6805,149,1.29519,0.4618244774518485
990,247.5,7270,18,6896,354,1.3351,0.4943878926656905
991,247.75,7165,13,6901,250,1.32145,0.4811275067340275
992,248.0,7118,1,7092,24,1.31534,0.46418507469201553
993,248.25,7650,27,7098,523,1.3845,0.5294968083410828
994,248.5,7473,7,7329,136,1.36149,0.49416293484406215
995,248.75,7684,34,6996,652,1.38892,0.5396553659125042
996,249.0,7607,41,6783,782,1.37891,0.5426141948516896
997,249.25,7481,10,7280,190,1.36253,0.4979950072583532
998,249.5,8172,7,8022,141,1.45236,0.5399071014189151
999,249.75,7853,55,6752,1045,1.41089,0.5747961757685384
1000,250.0,7692,65,6387,1239,1.38996,0.576288669473619
1001,250.25,8228,40,7418,768,1.45964,0.5821548209674331
1002,250.5,7489,4,7405,79,1.36357,0.49166231440585173
1003,250.75,8591,39,7809,742,1.50683,0.6041132587793709
1004,251.0,7895,36,7172,686,1.41635,0.5554251291203299
1005,251.25,8091,63,6822,1205,1.44183,0.6001266099044266
1006,251.5,9059,47,8100,910,1.56767,0.6449306731116902
1007,251.75,8358,130,5741,2485,1.47654,0.6963462406276244
1008,252.0,8573,22,8116,433,1.50449,0.5839633639899547
1009,252.25,8212,24,7728,459,1.45756,0.5620526902157869
1010,252.5,10129,2,10087,39,1.7067700000000003,0.6607895814259328
1011,252.75,9848,60,8640,1147,1.6702400000000002,0.7107742268031704
1012,253.0,9541,88,7774,1678,1.63033,0.723497887877637
1013,253.25,9773,1,9744,26,1.66049,0.6368839768982253
1014,253.5,9547,62,8295,1188,1.63111,0.6937526367911271
1015,253.75,7920,154,4823,2941,1.4196,0.6959566577354026
1016,254.0,8287,87,6544,1655,1.46731,0.6405806656334918
1017,254.25,7973,47,7015,909,1.42649,0.5742591270057877
1018,254.5,7752,66,6416,1268,1.39776,0.582014448749005
1019,254.75,7849,5,7748,95,1.41037,0.5160731098373018
1020,255.0,7803,16,7466,319,1.40439,0.5268962363579441
1021,255.25,7165,25,6645,493,1.32145,0.49613626531257254
1022,255.5,7425,116,5095,2213,1.35525,0.618925779375114
1023,255.75,8102,13,7822,265,1.44326,0.5429611502223208
1024,256.0,7613,26,7088,498,1.37969,0.5255533556330686
1025,256.25,7012,13,6738,259,1.30156,0.47175106005824863
1026,256.5,6893,60,5689,1143,1.28609,0.5184368330588697
1027,256.75,6791,20,6382,387,1.27283,0.46529484880425726
1028,257.0,7148,20,6738,388,1.31924,0.4885652127889695
1029,257.25,7274,28,6713,532,1.33562,0.5055869137951142
1030,257.5,6870,56,5737,1076,1.2831,0.5128149282724037
1031,257.75,6645,2,6595,46,1.25385,0.4348004053680658
1032,258.0,6366,16,6028,320,1.21758,0.4335340440848858
1033,258.25,6500,16,6165,317,1.235,0.4420404194814874
1034,258.5,6058,28,5488,541,1.17754,0.4270936067921183
1035,258.75,5626,9,5432,183,1.1213799999999998,0.3769958553033971
1036,259.0,6602,29,6015,557,1.24826,0.46346101690215624
1037,259.25,5716,7,5566,142,1.13308,0.3803033058391351
1038,259.5,5828,87,4071,1668,1.14764,0.48155017134055056
1039,259.75,6033,7,5875,149,1.17429,0.4013623453320202
1040,260.0,6180,7,6025,147,1.1934,0.41075453465544826
1041,260.25,5743,28,5165,548,1.13659,0.4070915570667475
1042,260.5,5228,6,5106,115,1.06964,0.3469379251668175
1043,260.75,5420,37,4674,708,1.0946,0.39591235495208676
1044,261.0,5235,15,4926,293,1.07055,0.35834539350451894
1045,261.25,5360,41,4528,789,1.0868,0.39703625113603164
1046,261.5,5679,24,5193,461,1.12827,0.3975297008349252
1047,261.75,4491,37,3732,720,0.97383,0.336305423770835
1048,262.0,5077,27,4530,518,1.0500100000000003,0.3619585461569697
1049,262.25,5009,0,5003,5,1.04117,0.32592039724511573
1050,262.5,4737,3,4674,59,1.00581,0.3115603779778507
1051,262.75,5255,7,5099,147,1.07315,0.3506811653823188
1052,263.0,4626,25,4118,482,0.9913799999999999,0.3304026780279856
1053,263.25,4638,11,4401,224,0.9929399999999999,0.3153193817930798
1054,263.5,5268,16,4928,322,1.07484,0.3622991966484331
1055,263.75,5453,38,4677,736,1.09889,0.39979474605098936
1056,264.0,4977,9,4791,176,1.0370100000000002,0.3343801811813641
1057,264.25,4637,68,3260,1307,0.9928100000000001,0.3819206837534872
1058,264.5,4801,3,4730,67,1.01413,0.3162022802629579
1059,264.75,5331,31,4704,595,1.08303,0.3831803728703844
1060,265.0,5086,21,4651,412,1.05118,0.3559802903343966
1061,265.25,5049,38,4269,740,1.04637,0.3738052815006044
1062,265.5,5208,26,4675,506,1.06704,0.36969462625400806
1063,265.75,5143,8,4972,161,1.05859,0.34425129236770896
1064,266.0,5664,42,4815,806,1.12632,0.41780194321043335
1065,266.25,5028,29,4432,565,1.04364,0.36165651212771394
1066,266.5,5050,67,3692,1289,1.0465,0.40766846200503587
1067,266.75,4957,16,4621,319,1.0344099999999998,0.341855192902989
1068,267.0,5277,48,4313,915,1.0760100000000001,0.39936501312683526
1069,267.25,5183,33,4510,639,1.06379,0.37626254408208193
1070,267.5,5652,2,5603,45,1.1247600000000002,0.37020218457801213
1071,267.75,5672,23,5193,454,1.12736,0.39666771524545774
1072,268.0,5426,23,4946,455,1.0953799999999998,0.3807429502276299
1073,268.25,6013,33,5349,630,1.17169,0.42966466164578
1074,268.5,6381,1,6354,25,1.21953,0.41631522165005513
1075,268.75,6125,57,4977,1090,1.18625,0.465276008177458
1076,269.0,5348,11,5113,222,1.0852399999999998,0.3613148319380858
1077,269.25,6803,3,6729,69,1.27439,0.4464917284006279
1078,269.5,6528,15,6215,296,1.23864,0.4426033672131086
1079,269.75,6988,25,6471,490,1.29844,0.48440960490828416
1080,270.0,6827,4,6732,89,1.27751,0.4492940072221989
1081,270.25,6985,36,6261,687,1.29805,0.49636282301661705
1082,270.5,6757,49,5773,934,1.26841,0.4967378419660235
1083,270.75,6713,40,5899,772,1.26269,0.48393352403049944
1084,271.0,7000,65,5687,1246,1.3,0.5317772081040664
1085,271.25,6769,2,6726,40,1.26997,0.44244930450210684
1086,271.5,7204,9,7015,179,1.32652,0.47929785304532135
1087,271.75,6375,8,6207,158,1.21875,0.42415482735416
1088,272.0,7262,6,7136,118,1.33406,0.47935039588531203
1089,272.25,7736,43,6860,831,1.39568,0.5540419527650662
1090,272.5,7441,76,5914,1450,1.35733,0.5729689272522831
1091,272.75,8007,49,7017,940,1.43091,0.5783607300007247
1092,273.0,7481,79,5898,1503,1.36253,0.5788626557044243
1093,273.25,7928,13,7651,262,1.42064,0.5314684192110921
1094,273.5,8726,94,6839,1791,1.52438,0.6775366083918398
1095,273.75,9335,25,8833,476,1.60355,0.6360966187729841
1096,274.0,9168,37,8424,706,1.58184,0.6394142551945673
1097,274.25,9078,33,8412,632,1.57014,0.6289930906021252
1098,274.5,8413,24,7919,468,1.48369,0.5756909249720719
1099,274.75,9143,4,9044,93,1.57859,0.6000292037213337
1100,275.0,9312,58,8146,1107,1.60056,0.6734806517524562
1101,275.25,8219,5,8113,100,1.45847,0.5404077483677863
1102,275.5,8455,5,8349,100,1.48915,0.5557634533619177
1103,275.75,8607,80,6995,1530,1.50891,0.6537171426403112
1104,276.0,8373,28,7810,534,1.47849,0.5771373241375527
1105,276.25,7828,65,6511,1250,1.40764,0.5858087686955054
1106,276.5,7895,1,7855,37,1.41635,0.5154719944227998
1107,276.75,8192,25,7677,488,1.45496,0.5625600330163336
1108,277.0,8104,8,7925,169,1.44352,0.537213558132562
1109,277.25,8408,1,8373,32,1.48304,0.5485259601966009
1110,277.5,8629,9,8441,178,1.51177,0.5718809045404145
1111,277.75,8525,68,7158,1298,1.49825,0.6340551807259458
1112,278.0,8247,18,7870,357,1.46211,0.5580717856760906
1113,278.25,7905,16,7568,319,1.41765,0.5335203973825706
1114,278.5,8094,12,7839,241,1.44222,0.5409948773362339
1115,278.75,8126,27,7577,520,1.44638,0.5602531746511455
1116,279.0,7516,4,7420,90,1.36708,0.49409942908120646
1117,279.25,7329,13,7049,265,1.34277,0.4927392881950509
1118,279.5,7182,33,6503,644,1.32366,0.5065228865638346
1119,279.75,7070,3,7006,60,1.3091,0.4632796520120026
1120,280.0,6835,8,6665,161,1.27855,0.45420612069755156
1121,280.25,7238,27,6696,514,1.33094,0.5021747734137102
1122,280.5,6774,6,6646,121,1.27062,0.4477623766900921
1123,280.75,6747,34,6062,649,1.26711,0.4785780049164569
1124,281.0,7098,33,6436,628,1.31274,0.5000498822871815
1125,281.25,6847,27,6297,521,1.28011,0.4771779390469504
1126,281.5,6824,28,6262,533,1.27712,0.476431565772373
1127,281.75,7007,35,6287,683,1.30091,0.4975690499992463
1128,282.0,8449,12,8206,230,1.48837,0.5633594649222001
1129,282.25,8547,8,8371,167,1.50111,0.5658453045534202
1130,282.5,8018,41,7181,794,1.43234,0.5701149993493482
1131,282.75,8380,19,7993,367,1.4794,0.5673136564348673
1132,283.0,7909,13,7629,265,1.41817,0.530435507157346
1133,283.25,7758,4,7668,85,1.39854,0.5095234583823229
1134,283.5,8054,121,5622,2309,1.43702,0.6657496782401545
1135,283.75,5574,6,5447,120,1.1146200000000002,0.3697140255784103
1136,284.0,6357,55,5255,1046,1.21641,0.47765879402964817
1137,284.25,5582,1,5555,24,1.11566,0.36435603251352
1138,284.5,5221,12,4977,231,1.06873,0.3535927719851633
1139,284.75,5707,46,4771,888,1.13191,0.42568437667431336
1140,285.0,5326,14,5028,282,1.0823799999999997,0.36356858116933927
1141,285.25,5979,87,4219,1671,1.16727,0.4915469678801866
1142,285.5,5180,4,5089,86,1.0634,0.3420220842009509
1143,285.75,5347,12,5096,238,1.08511,0.36221636730631146
1144,286.0,4773,13,4497,261,1.0104899999999999,0.3263530447182221
1145,286.25,5398,72,3944,1380,1.0917399999999997,0.43588036558106114
1146,286.5,4880,48,3915,916,1.0244,0.3736490108516819
1147,286.75,5287,14,5006,266,1.07731,0.3600615195087317
1148,287.0,4922,42,4077,802,1.02986,0.3693570588761052
1149,287.25,4414,3,4342,68,0.96382,0.2911203762618423
1150,287.5,5052,2,5002,46,1.0467600000000001,0.3312534592999657
1151,287.75,5029,61,3790,1176,1.0437699999999999,0.39932038958877775
1152,288.0,4264,8,4085,169,0.94432,0.2876089453137586
1153,288.25,4469,11,4244,213,0.97097,0.3036288232720943
1154,288.5,4583,24,4094,464,0.98579,0.3265010029240373
1155,288.75,4282,41,3457,782,0.9466599999999998,0.32653578370439523
1156,289.0,4124,12,3874,236,0.9261200000000002,0.282630287413416
1157,289.25,3635,2,3576,55,0.8625499999999999,0.23969026648545247
1158,289.5,4151,9,3969,172,0.9296299999999998,0.28044425954915225
1159,289.75,4188,30,3581,575,0.9344399999999999,0.30768651267779495
1160,290.0,4101,14,3801,284,0.9231299999999999,0.28405953473993933
1161,290.25,4392,30,3782,578,0.96096,0.32112680663893245
1162,290.5,4584,29,4000,554,0.98592,0.33210007516647116
1163,290.75,4052,32,3393,625,0.9167600000000001,0.3019203389157767
1164,291.0,4101,70,2681,1348,0.9231299999999999,0.34961715703539037
1165,291.25,4366,0,4353,12,0.95758,0.2845480162422368
1166,291.5,4284,4,4202,77,0.94692,0.2832096422325146
1167,291.75,4040,8,3874,157,0.9152000000000001,0.2722937531700522
1168,292.0,4301,12,4059,229,0.9491299999999999,0.29369906180804395
1169,292.25,4299,5,4182,110,0.9488700000000001,0.2862602798847991
1170,292.5,5103,38,4327,736,1.05339,0.37706113119674156
1171,292.75,5325,65,4011,1247,1.08225,0.4229405144392931
1172,293.0,4560,12,4301,245,0.9827999999999999,0.31152489036242575
1173,293.25,5129,17,4784,326,1.05677,0.35351502831465176
1174,293.5,5305,21,4872,410,1.07965,0.3701247996760234
1175,293.75,4673,3,4602,67,0.9974899999999999,0.30788290027957615
1176,294.0,5248,47,4304,896,1.0722399999999999,0.39630291914162863
1177,294.25,6038,32,5390,614,1.17494,0.43033677157695865
1178,294.5,5559,5,5453,100,1.11267,0.3674960997169269
1179,294.75,5360,20,4950,388,1.0868,0.37234556241269773
1180,295.0,5342,17,4983,340,1.08446,0.3682028265793163
1181,295.25,4978,13,4711,253,1.03714,0.33914986858537693
1182,295.5,5800,10,5593,195,1.144,0.38906450917303714
1183,295.75,6315,24,5819,470,1.21095,0.4394696788159644
1184,296.0,5555,81,3932,1541,1.11215,0.4559728635672268
1185,296.25,5286,23,4809,452,1.07718,0.3714641863412431
1186,296.5,5731,40,4926,764,1.13503,0.4196067892831505
1187,296.75,6255,2,6200,51,1.20315,0.40975393007836775
1188,297.0,5919,30,5302,585,1.15947,0.42079874423237057
1189,297.25,5856,10,5641,204,1.15128,0.3932036405840728
1190,297.5,6157,1,6135,20,1.19041,0.4014710540638069
1191,297.75,6266,66,4944,1255,1.20458,0.4845812364665085
1192,298.0,5822,5,5720,96,1.14686,0.38434570511335675
1193,298.25,6211,9,6028,173,1.19743,0.4144191127798326
1194,298.5,6159,9,5960,188,1.19067,0.41196486873331417
1195,298.75,6144,3,6071,68,1.18872,0.40359069094396144
1196,299.0,6053,38,5284,729,1.17689,0.43838027211005237
1197,299.25,6659,1,6630,27,1.25567,0.4345232384531136
1198,299.5,6196,40,5384,771,1.19548,0.4502249424829898
1199,299.75,5798,54,4702,1041,1.1437399999999998,0.44097731745604946
1200,300.0,6479,24,5981,472,1.23227,0.45025315602243887
1201,300.25,6614,13,6342,258,1.24982,0.44582008582305727
1202,300.5,6150,1,6128,20,1.1895,0.40103036904895734
1203,300.75,6209,2,6161,44,1.19717,0.4063499605517955
1204,301.0,6164,84,4466,1612,1.19132,0.49994639498666404
1205,301.25,6232,70,4829,1332,1.20016,0.4871457040734845
1206,301.5,6640,22,6181,435,1.2532,0.4583970989454138
1207,301.75,6242,14,5950,277,1.20146,0.42279269168981193
1208,302.0,6491,7,6338,145,1.23383,0.43085345027868877
1209,302.25,5907,1,5879,26,1.15791,0.38556034030651437
1210,302.5,6036,30,5433,572,1.17468,0.42760441133460075
1211,302.75,6388,62,5143,1182,1.22044,0.48802478496378116
1212,303.0,5806,52,4747,1006,1.14478,0.43933910626151895
1213,303.25,8282,3,8221,57,1.46666,0.5418401758841546
1214,303.5,7729,0,7724,4,1.39477,0.5026716394418252
1215,303.75,7757,65,6450,1240,1.39841,0.5806143732626882
1216,304.0,8288,27,7736,523,1.46744,0.5709609078819697
1217,304.25,7587,26,7066,494,1.37631,0.5236170835301048
1218,304.5,5702,36,4969,696,1.1312600000000002,0.41350977548066037
1219,304.75,5770,17,5417,334,1.1401,0.3956632003255898
1220,305.0,5578,4,5478,94,1.11514,0.36837673617381417
1221,305.25,6253,8,6079,164,1.20289,0.41658040653325623
1222,305.5,6083,10,5864,207,1.18079,0.4081729060816309
1223,305.75,5631,38,4865,727,1.12203,0.4107893653101137
1224,306.0,6047,68,4683,1294,1.17611,0.47279723294488585
1225,306.25,4901,7,4758,135,1.0271299999999999,0.32690212103790467
1226,306.5,5276,30,4670,575,1.0758799999999997,0.37838846296579953
1227,306.75,5377,50,4359,966,1.0890100000000003,0.4090311955155134
1228,307.0,4347,39,3547,759,0.95511,0.3293103841473692
1229,307.25,5226,47,4272,906,1.0693799999999998,0.3954971314324188
1230,307.5,4617,11,4383,221,0.99021,0.3137380803894411
1231,307.75,4629,26,4092,509,0.9917699999999999,0.332274023740955
1232,308.0,4326,57,3176,1092,0.9523799999999999,0.3484360039460961
1233,308.25,4589,0,4582,6,0.98657,0.2986832581995234
1234,308.5,4489,18,4113,356,0.97357,0.3137662384080732
1235,308.75,4731,81,3102,1547,1.00503,0.4027780323277464
1236,309.0,4129,45,3215,867,0.9267699999999999,0.32182481333842416
1237,309.25,4796,16,4464,314,1.0134800000000002,0.33112520219725483
1238,309.5,4447,13,4183,249,0.96811,0.304440900013033
1239,309.75,4229,18,3852,357,0.9397699999999999,0.29692671561141787
1240,310.0,4106,13,3836,256,0.92378,0.28268185555354003
1241,310.25,4031,21,3610,399,0.91403,0.28664120843641167
1242,310.5,4018,29,3435,553,0.9123400000000002,0.2952276655164679
1243,310.75,4114,47,3155,910,0.92482,0.3235079469792506
1244,311.0,3978,1,3942,33,0.90714,0.2606582226821074
1245,311.25,3830,18,3457,354,0.8879,0.27075346843653564
1246,311.5,4062,50,3061,950,0.9180600000000001,0.3225445040016937
1247,311.75,3751,25,3244,480,0.8776299999999999,0.2734263720989724
1248,312.0,4096,23,3631,441,0.9224800000000001,0.29341219575953964
1249,312.25,3935,25,3430,479,0.9015499999999999,0.28531035733054155
1250,312.5,4219,32,3561,624,0.93847,0.3126720500391684
1251,312.75,4319,7,4177,134,0.95147,0.2890357858520701
1252,313.0,4337,12,4089,234,0.9538100000000002,0.29636493527868907
1253,313.25,4159,9,3976,173,0.93067,0.2810341156004609
1254,313.5,4221,18,3857,345,0.9387300000000001,0.29564912769976437
1255,313.75,5198,15,4894,288,1.0657399999999997,0.35564548873005525
1256,314.0,5535,37,4790,706,1.10955,0.40331098355710276
1257,314.25,5610,12,5358,238,1.1193,0.3793479610161376
1258,314.5,3777,28,3207,541,0.8810100000000001,0.2788463172830367
1259,314.75,4411,38,3647,725,0.96343,0.33140822753626936
1260,315.0,4761,24,4272,464,1.00893,0.3380606499640485
1261,315.25,4301,47,3353,899,0.9491299999999999,0.3349668797254662
1262,315.5,4297,52,3238,1005,0.94861,0.34122335852847785
1263,315.75,4407,1,4382,23,0.9629099999999999,0.2878871572713331
1264,316.0,4148,26,3610,510,0.9292399999999998,0.3010405449805764
1265,316.25,4707,25,4188,492,1.0019099999999999,0.336273511524529
1266,316.5,4749,10,4546,191,1.00737,0.3205071258212093
1267,316.75,4873,29,4288,554,1.0234899999999998,0.3509111986359673
1268,317.0,5014,24,4533,456,1.04182,0.35400408499688296
1269,317.25,6256,11,6025,218,1.20328,0.42010662854362485
1270,317.5,6655,18,6282,354,1.25515,0.4543869078878812
1271,317.75,6784,89,4984,1709,1.27192,0.5462503720695097
1272,318.0,6583,12,6335,235,1.24579,0.4424018388507848
1273,318.25,5404,88,3627,1687,1.09252,0.4551918281709587
1274,318.5,5380,9,5190,179,1.0894,0.3607594101787363
1275,318.75,5244,15,4926,302,1.07172,0.3594615592772077
1276,319.0,5595,15,5279,299,1.11735,0.38213163630291197
1277,319.25,5498,5,5395,97,1.1047399999999998,0.36336375812475297
1278,319.5,5868,3,5790,74,1.15284,0.38598179818759204
1279,319.75,5658,16,5321,319,1.12554,0.38743448980684775
1280,320.0,5413,16,5090,306,1.09369,0.37070062219587896
1281,320.25,5946,54,4853,1038,1.16298,0.45040944933222116
1282,320.5,5999,112,3743,2143,1.1698700000000002,0.5219040369992016
1283,320.75,5666,38,4901,726,1.12658,0.4130395251814197
1284,321.0,6273,11,6035,225,1.2054899999999997,0.42163902708851714
1285,321.25,6311,12,6061,236,1.21043,0.42478417624683074
1286,321.5,5891,39,5106,744,1.15583,0.4287907078559102
1287,321.75,5999,33,5328,637,1.1698700000000002,0.4291794781763754
1288,322.0,6196,66,4857,1271,1.19548,0.4810243455801795
1289,322.25,6048,18,5678,350,1.1762399999999997,0.4147292097332095
1290,322.5,6500,37,5746,716,1.235,0.466599563796664
1291,322.75,6381,56,5256,1068,1.21953,0.4805721749259272
1292,323.0,6031,27,5481,522,1.17403,0.42418705295207704
1293,323.25,6130,18,5750,360,1.1869,0.42063577247296435
1294,323.5,6746,0,6733,11,1.26698,0.43919865949167514
1295,323.75,6858,71,5429,1356,1.28154,0.529324312698412
1296,324.0,6561,74,5078,1408,1.24293,0.5131889508483457
1297,324.25,6334,43,5454,835,1.21342,0.4631558945686322
1298,324.5,6257,37,5509,710,1.20341,0.4504352914576914
1299,324.75,6541,32,5888,620,1.24033,0.4633627339077213
1300,325.0,6381,25,5879,476,1.21953,0.4440834466573162
1301,325.25,5853,1,5821,30,1.15089,0.3823004199778813
1302,325.5,6618,10,6400,206,1.25034,0.4429101794709573
1303,325.75,6679,80,5074,1523,1.25827,0.5279765333304299
1304,326.0,6460,60,5252,1146,1.2298,0.49052529507764037
1305,326.25,5870,33,5204,632,1.1531,0.42049152377203863
1306,326.5,5960,25,5458,476,1.1648,0.4167117168142604
1307,326.75,5544,5,5429,108,1.11072,0.3670651807603979
1308,327.0,6527,78,4962,1486,1.23851,0.515766850303556
1309,327.25,5884,1,5858,24,1.15492,0.38397388266785093
1310,327.5,6630,13,6369,247,1.2519,0.44616215773303763
1311,327.75,6453,0,6441,10,1.22889,0.4201102039030235
1312,328.0,5528,20,5125,382,1.10864,0.3828566076290751
1313,328.25,5518,24,5037,456,1.10734,0.3867909230686545
1314,328.5,5799,19,5408,371,1.1438700000000002,0.39979797535506134
1315,328.75,5059,18,4698,342,1.04767,0.3499110234697184
1316,329.0,5379,18,5002,357,1.08927,0.37163896164204596
1317,329.25,5272,0,5258,12,1.07536,0.34346697663367287
1318,329.5,5911,36,5172,701,1.15843,0.42742629244290475
1319,329.75,5326,89,3539,1696,1.0823799999999997,0.45068705050587143
1320,330.0,5114,10,4898,204,1.05482,0.34500583076067054
1321,330.25,6539,48,5568,921,1.24007,0.48179199143043117
1322,330.5,6918,64,5620,1232,1.28934,0.5255639818509137
1323,330.75,6423,17,6078,327,1.22499,0.4376509423681715
1324,331.0,6481,40,5664,775,1.23253,0.46902774961851845
1325,331.25,6229,80,4622,1525,1.19977,0.4988397802591927
1326,331.5,5892,19,5492,379,1.15596,0.4063408348586683
1327,331.75,5977,9,5789,177,1.1670100000000003,0.39946185921224164
1328,332.0,4449,54,3360,1034,0.9683700000000001,0.35288954467476213
1329,332.25,4454,22,3994,436,0.9690199999999999,0.31641139249132866
1330,332.5,4403,9,4210,183,0.96239,0.29748236378171994
1331,332.75,4382,37,3631,713,0.9596599999999998,0.3287477041136808
1332,333.0,4204,86,2476,1641,0.9365199999999999,0.37432033653365643
1333,333.25,4702,0,4691,9,1.00126,0.3062169064173343
1334,333.5,4532,10,4330,191,0.9791599999999999,0.30634262621724867
1335,333.75,4161,32,3505,622,0.93093,0.3087826367813307
1336,334.0,4237,28,3665,542,0.9408100000000001,0.3088212084653448
1337,334.25,4012,32,3358,621,0.9115600000000001,0.2990279135985698
1338,334.5,3238,15,2922,299,0.81094,0.22890258087325846
1339,334.75,4069,4,3972,92,0.91897,0.27015199764611114
1340,335.0,4132,9,3951,171,0.9271599999999999,0.2791361293091701
1341,335.25,3539,1,3517,20,0.85007,0.23128172562388405
1342,335.5,4160,45,3246,867,0.9307999999999998,0.3238234704777038
1343,335.75,3918,20,3513,384,0.8993400000000001,0.27832437120812364
1344,336.0,5101,37,4344,718,1.0531299999999997,0.3758381446363829
1345,336.25,4928,1,4893,32,1.03064,0.322340955040282
1346,336.5,5388,42,4542,803,1.09044,0.39969781720107006
1347,336.75,5096,63,3829,1203,1.05248,0.4053302218782134
1348,337.0,5351,5,5231,113,1.0856299999999999,0.35480464993800437
1349,337.25,5405,28,4831,545,1.09265,0.3848986156133052
1350,337.5,4778,19,4386,371,1.01114,0.3334494910641023
1351,337.75,4932,14,4634,282,1.0311599999999999,0.33798754500815864
1352,338.0,5336,10,5132,192,1.08368,0.3587210658002014
1353,338.25,5143,10,4940,191,1.05859,0.3461134893772828
1354,338.5,5238,27,4686,523,1.07094,0.37273726350218844
1355,338.75,5758,12,5501,243,1.13854,0.389274625256767
1356,339.0,5346,78,3778,1488,1.08498,0.43916423971816726
1357,339.25,5220,25,4700,493,1.0686,0.3696618524671179
1358,339.5,5336,78,3763,1493,1.08368,0.4388023965596256
1359,339.75,6321,105,4217,1998,1.21173,0.5339341962554035
1360,340.0,5696,73,4235,1387,1.13048,0.45566257836791113
1361,340.25,5427,23,4960,443,1.0955100000000002,0.38003957684977663
1362,340.5,5395,23,4932,439,1.09135,0.3777555624745655
1363,340.75,5830,48,4858,923,1.1479,0.43579684504907057
1364,341.0,6052,14,5754,282,1.1767600000000003,0.4107990151284054
1365,341.25,6492,26,5969,496,1.23396,0.4525706486405729
1366,341.5,6559,7,6415,136,1.24267,0.4347163171080328
1367,341.75,6399,10,6198,190,1.2218700000000002,0.4276618381533555
1368,342.0,6363,44,5480,838,1.21719,0.4652030590642032
1369,342.25,6699,38,5931,729,1.26087,0.4803488539940855
1370,342.5,7243,46,6303,892,1.33159,0.5257721028244062
1371,342.75,8459,34,7778,646,1.48967,0.5896489058846898
1372,343.0,8156,89,6369,1697,1.45028,0.634645268555003
1373,343.25,8314,59,7123,1130,1.47082,0.610046520106681
1374,343.5,7824,2,7778,43,1.40712,0.5112113166298744
1375,343.75,7548,56,6425,1066,1.37124,0.5563049054993916
1376,344.0,7111,27,6567,515,1.31443,0.49398110626268155
1377,344.25,7047,33,6367,645,1.30611,0.4978265144312974
1378,344.5,7401,25,6897,478,1.35213,0.5105065166720028
1379,344.75,7470,69,6088,1312,1.3611,0.5663737304755405
1380,345.0,7237,13,6970,252,1.33081,0.4859831950062923
1381,345.25,7359,67,6008,1282,1.34667,0.5573173676803018
1382,345.5,7398,30,6791,576,1.35174,0.5163478327648587
1383,345.75,7458,48,6489,920,1.35954,0.5414228751883547
1384,346.0,7682,5,7580,96,1.38866,0.505291800193605
1385,346.25,7428,3,7367,57,1.35564,0.4863322247569805
1386,346.5,7678,6,7545,125,1.38814,0.5068212406481503
1387,346.75,8233,87,6482,1663,1.46029,0.6375570892567561
1388,347.0,8195,10,7978,205,1.45535,0.5453234104115602
1389,347.25,7656,8,7478,168,1.38528,0.508028391990266
1390,347.5,8274,58,7095,1119,1.46562,0.6067624619674642
1391,347.75,7406,83,5745,1577,1.35278,0.5785372816663621
1392,348.0,8728,18,8359,350,1.52464,0.5888751035645232
1393,348.25,8386,55,7283,1047,1.48018,0.6095992054127947
1394,348.5,7819,6,7679,132,1.40647,0.5163910900129358
1395,348.75,9946,13,9678,254,1.6829799999999997,0.662136075632761
1396,349.0,9389,0,9388,0,1.61057,0.6103388172618626
1397,349.25,9799,17,9451,329,1.66387,0.6572441580225779
1398,349.5,9691,19,9310,361,1.64983,0.6521962530229004
1399,349.75,7594,27,7043,523,1.37722,0.5258282673883972
1400,350.0,7658,1,7637,19,1.38554,0.4989436783061524
1401,350.25,7577,44,6694,838,1.37501,0.5441396351021257
1402,350.5,7350,4,7268,77,1.3455,0.482534524207077
1403,350.75,7370,21,6933,414,1.3481,0.5045563244981253
1404,351.0,7128,6,6994,127,1.31664,0.4711513768324536
1405,351.25,9197,90,7388,1717,1.58561,0.7035928953466105
1406,351.5,8584,57,7439,1087,1.50592,0.6249332398702088
1407,351.75,8417,29,7834,553,1.48421,0.5812014031381102
1408,352.0,8953,7,8806,139,1.55389,0.5905439500945601
1409,352.25,7274,61,6034,1177,1.33562,0.5453119371379666
1410,352.5,7315,79,5722,1512,1.34095,0.5686123874964095
1411,352.75,7256,44,6375,836,1.33328,0.5231583945795023
1412,353.0,7469,24,6984,460,1.36097,0.5138493662769085
1413,353.25,6745,92,4897,1754,1.26685,0.5464909055377172
1414,353.5,6258,49,5262,945,1.20354,0.46498914543669906
1415,353.75,6679,34,5986,657,1.25827,0.47464600958049585
1416,354.0,6299,6,6166,126,1.2088700000000003,0.41720069209291505
1417,354.25,6114,46,5176,890,1.18482,0.4522520096133311
1418,354.5,6334,83,4671,1578,1.21342,0.5089391105349315
1419,354.75,6467,107,4311,2047,1.23071,0.5464396386737821
1420,355.0,5860,34,5165,659,1.1518,0.4215089470849234
1421,355.25,6400,1,6369,28,1.222,0.41777636251363026
1422,355.5,5629,7,5469,151,1.12177,0.37518706350100506
1423,355.75,5763,12,5521,228,1.13919,0.3886965270455758
1424,356.0,5865,1,5833,29,1.15245,0.3830564288276965
1425,356.25,5550,10,5345,194,1.1115,0.37270282585637177
1426,356.5,5054,13,4791,249,1.0470199999999998,0.34385492024267816
1427,356.75,5789,23,5315,449,1.14257,0.40395645897799426
1428,357.0,5252,50,4248,953,1.0727600000000002,0.40008130398186487
1429,357.25,7577,9,7380,186,1.37501,0.5040006599732001
1430,357.5,6912,16,6585,310,1.28856,0.4683934487463369
1431,357.75,6906,21,6479,404,1.28778,0.47381315242296485
1432,358.0,7441,20,7038,382,1.35733,0.5072386520568739
1433,358.25,7238,11,7013,213,1.33094,0.4835933799844462
1434,358.5,4982,8,4811,161,1.0376599999999998,0.3337839378441797
1435,358.75,5186,34,4499,652,1.06418,0.37725508326682333
1436,359.0,4764,4,4682,77,1.00932,0.31441529893956954
1437,359.25,5061,46,4123,890,1.04793,0.3837870712630421
1438,359.5,5051,11,4827,212,1.04663,0.3413910667224902
1439,359.75,4891,17,4536,336,1.02583,0.3386338718401297
1440,360.0,4749,9,4555,184,1.00737,0.32001701511694397
1441,360.25,5024,7,4874,141,1.04312,0.3352799761024594
1442,360.5,4996,18,4627,350,1.0394800000000002,0.34630180580662245
1443,360.75,4889,80,3285,1523,1.02557,0.4115972131101327
1444,361.0,4740,21,4315,403,1.0062000000000002,0.33294885479267766
1445,361.25,5083,1,5061,20,1.05079,0.33167735021296885
1446,361.5,4975,5,4857,111,1.03675,0.33027098009060746
1447,361.75,4844,34,4161,648,1.01972,0.35480853897462705
1448,362.0,5214,63,3934,1215,1.06782,0.41374626818835386
1449,362.25,5735,14,5446,274,1.13555,0.3896698955034623
1450,362.5,5199,11,4962,224,1.0658700000000003,0.35175645441065295
1451,362.75,5821,1,5783,35,1.14673,0.38055367616977154
1452,363.0,6073,7,5913,151,1.1794899999999997,0.404104320984295
1453,363.25,6914,45,6006,862,1.28882,0.5025174581788767
1454,363.5,7278,40,6469,767,1.33614,0.5203609254947461
1455,363.75,7987,6,7859,120,1.42831,0.526591215813918
1456,364.0,7402,34,6710,656,1.35226,0.5215711734919889
1457,364.25,7536,105,5419,2010,1.36968,0.6136475214551221
1458,364.5,5424,24,4924,474,1.0951200000000003,0.3818017408268541
1459,364.75,5858,22,5401,434,1.15154,0.4075005270569423
1460,365.0,6278,28,5706,542,1.20614,0.4414909867352144
1461,365.25,6936,33,6267,634,1.29168,0.4899374680375455
1462,365.5,6245,32,5598,614,1.20185,0.44376791081935235
1463,365.75,5903,12,5660,230,1.15739,0.39789668007718537
1464,366.0,6078,10,5863,203,1.18014,0.40761018242043967
1465,366.25,6587,5,6480,101,1.24631,0.4343989928264735
1466,366.5,7048,52,6001,993,1.30624,0.5193114813697285
1467,366.75,6983,58,5812,1112,1.29779,0.522391488198759
1468,367.0,7026,0,7011,13,1.30338,0.45754626374681645
1469,367.25,7374,6,7245,122,1.34862,0.4868391111064137
1470,367.5,6857,11,6632,213,1.28141,0.45883369402248775
1471,367.75,7169,1,7130,36,1.32197,0.4682158644470897
1472,368.0,8247,9,8066,171,1.46211,0.5465866952284277
1473,368.25,8405,1,8375,28,1.48265,0.5480577722062892
1474,368.5,7111,5,7002,103,1.31443,0.46858053270584393
1475,368.75,7385,17,7043,324,1.35005,0.49999257277475523
1476,369.0,7552,5,7447,99,1.37176,0.4969862455536389
1477,369.25,7516,9,7317,188,1.36708,0.5001242401804158
1478,369.5,7641,8,7473,159,1.38333,0.5064747662543954
1479,369.75,7868,17,7526,324,1.41284,0.5313917532059595
1480,370.0,8170,18,7792,358,1.4521,0.553109946135149
1481,370.25,8238,44,7349,844,1.46094,0.5874705054966545
1482,370.5,8114,141,5283,2688,1.44482,0.6929890430278347
1483,370.75,7542,7,7386,147,1.37046,0.49929991394758355
1484,371.0,7840,70,6423,1345,1.4092,0.5924675806036563
1485,371.25,7888,18,7521,348,1.41544,0.5341878767603835
1486,371.5,7790,39,7001,749,1.4027,0.5524822286869666
1487,371.75,8099,64,6802,1231,1.44287,0.6022709262042425
1488,372.0,7521,35,6813,672,1.36773,0.5302464000255698
1489,372.25,8504,42,7650,810,1.49552,0.6026650684016034
1490,372.5,8345,77,6800,1467,1.47485,0.6327762652633097
1491,372.75,8114,113,5835,2165,1.44482,0.660729594189822
1492,373.0,7930,53,6863,1013,1.4209,0.5778509896287303
1493,373.25,8289,7,8130,150,1.46757,0.548078910595085
1494,373.5,8092,15,7779,297,1.44196,0.5442821749588718
1495,373.75,8177,0,8174,1,1.45301,0.5316256703653758
1496,374.0,7781,13,7512,254,1.40153,0.5214430240815011
1497,374.25,8283,19,7902,361,1.46679,0.5606460432199954
1498,374.5,8040,13,7762,263,1.4352,0.5388213728709289
1499,374.75,7780,83,6101,1594,1.4014,0.6038771526545412
1500,375.0,7937,12,7685,238,1.42181,0.5305894707315663
1501,375.25,7363,113,5091,2158,1.34719,0.6115000734634047
1502,375.5,7062,7,6908,145,1.30806,0.4679995552685826
1503,375.75,7429,65,6127,1236,1.35577,0.5590133620344162
1504,376.0,7232,16,6908,307,1.33016,0.48903306071284386
1505,376.25,7104,32,6460,611,1.31352,0.49941188384212465
1506,376.5,7438,7,7287,143,1.35694,0.49228424216613753
1507,376.75,7032,13,6764,254,1.30416,0.4727302788745565
1508,377.0,6967,22,6514,430,1.29571,0.4793431686410572
1509,377.25,6694,58,5515,1119,1.26022,0.5040430304836703
1510,377.5,6960,5,6859,95,1.2948,0.45826201633952757
1511,377.75,6808,49,5820,937,1.27504,0.5002678502942692
1512,378.0,6762,16,6427,318,1.26906,0.45912302272880295
1513,378.25,6252,18,5887,346,1.2027600000000003,0.4277223702626411
1514,378.5,6695,45,5782,866,1.26035,0.4885525012567794
1515,378.75,6758,27,6209,520,1.26854,0.4713495146463268
1516,379.0,6364,4,6276,82,1.21732,0.4187631318365601
1517,379.25,6394,90,4593,1710,1.22122,0.5209312071156593
1518,379.5,6304,29,5706,567,1.20952,0.44473010599298685
1519,379.75,6343,77,4786,1478,1.21459,0.5033582950725433
1520,380.0,5580,27,5032,519,1.1154,0.39470611495815605
1521,380.25,5645,44,4751,849,1.12385,0.4192063500477483
1522,380.5,5776,95,3870,1810,1.1408799999999997,0.4869103674021473
1523,380.75,5597,58,4429,1109,1.11761,0.43209665466772457
1524,381.0,5500,42,4645,811,1.105,0.40749914535478143
1525,381.25,5299,35,4582,681,1.0788700000000002,0.38637040561036917
1526,381.5,5287,58,4118,1110,1.07731,0.412029277076888
1527,381.75,5491,16,5167,306,1.10383,0.3758173426314887
1528,382.0,4597,27,4038,530,0.98761,0.3314584406749021
1529,382.25,5151,27,4598,524,1.0596299999999998,0.36711384599140906
1530,382.5,5200,3,5123,72,1.066,0.34245437728725525
1531,382.75,5314,16,4984,313,1.08082,0.364700933162352
1532,383.0,4748,14,4449,284,1.00724,0.32611135154882326
1533,383.25,4709,30,4098,580,1.00217,0.341806303462634
1534,383.5,5188,7,5040,139,1.06444,0.3458385249325299
1535,383.75,4431,3,4358,68,0.96603,0.2922601970725192
1536,384.0,5399,23,4933,441,1.0918700000000003,0.37813854082041737
1537,384.25,5071,30,4454,586,1.04923,0.36570496427418636
1538,384.5,5480,1,5450,27,1.1024,0.3579015055341647
1539,384.75,4702,64,3410,1226,1.00126,0.3811623933827251
1540,385.0,4920,0,4912,6,1.0296,0.3202242960498505
1541,385.25,4357,99,2376,1881,0.9564099999999999,0.3990806696479596
1542,385.5,4875,8,4701,164,1.02375,0.3270180973984259
1543,385.75,5099,61,3862,1174,1.0528700000000002,0.4037472475979622
1544,386.0,4612,37,3863,711,0.9895600000000001,0.34359005470883575
1545,386.25,5134,8,4971,154,1.05742,0.34324135607350553
1546,386.5,4713,50,3710,952,1.0026899999999999,0.36499643852594243
1547,386.75,5295,93,3425,1775,1.07835,0.4535229511478231
1548,387.0,5783,7,5642,133,1.14179,0.38409737855600157
1549,387.25,5500,97,3546,1855,1.105,0.4717710894500961
1550,387.5,6084,5,5969,108,1.18092,0.4021468780630282
1551,387.75,5902,11,5676,214,1.1572600000000002,0.39683873434474565
1552,388.0,6154,69,4755,1328,1.19002,0.48179381752913164
1553,388.25,5607,64,4311,1230,1.11891,0.4402540994000918
1554,388.5,5689,30,5086,572,1.12957,0.4050566525469966
1555,388.75,6121,6,5987,126,1.18573,0.4056533495865744
1556,389.0,5638,0,5635,2,1.12294,0.3666168604415967
1557,389.25,6348,32,5700,614,1.2152399999999999,0.4504750192893079
1558,389.5,6207,17,5856,332,1.19691,0.4239602356031942
1559,389.75,6800,3,6734,62,1.274,0.445832827479658
1560,390.0,6703,14,6409,279,1.26139,0.4528844028157542
1561,390.25,6927,77,5368,1480,1.29051,0.5414046290923595
1562,390.5,6469,38,5698,731,1.23097,0.4655436869304538
1563,390.75,7107,61,5876,1168,1.31391,0.5339210117511081
1564,391.0,9054,33,8382,638,1.56702,0.6278014939500959
1565,391.25,8703,77,7152,1473,1.52139,0.6564235385095261
1566,391.5,8584,216,4251,4115,1.50592,0.8114009838679546
1567,391.75,6946,20,6539,385,1.29298,0.47525006296735267
1568,392.0,7621,76,6081,1462,1.38073,0.5854342470786441
1569,392.25,8138,2,8088,46,1.44794,0.5318519465719969
1570,392.5,7118,2,7077,38,1.31534,0.4650649314752476
1571,392.75,7171,1,7136,32,1.32223,0.4681292953532056
1572,393.0,7837,24,7341,470,1.40881,0.5383703342050039
1573,393.25,7401,8,7239,153,1.35213,0.4905101635176248
1574,393.5,7995,28,7433,533,1.42935,0.5524979109112688
1575,393.75,7886,2,7835,47,1.41518,0.515527328477943
1576,394.0,7791,115,5488,2187,1.40283,0.6411287643711505
1577,394.25,7977,31,7339,605,1.42701,0.5557834192700857
1578,394.5,7999,32,7351,614,1.42987,0.5577888290601868
1579,394.75,7866,64,6569,1232,1.41258,0.5871610082196722
1580,395.0,7421,61,6200,1159,1.35473,0.553736811571231
1581,395.25,8024,21,7584,417,1.43312,0.5472811048337889
1582,395.5,8459,30,7850,577,1.48967,0.5854119891004913
1583,395.75,7514,52,6461,999,1.36682,0.5499612615243789
1584,396.0,7710,48,6746,915,1.3923,0.5575052448882797
1585,396.25,8124,27,7568,527,1.44612,0.5605391241472403
1586,396.5,8548,141,5719,2687,1.50124,0.7210999773505044
1587,396.75,8644,24,8163,456,1.51372,0.5899671871086091
1588,397.0,8288,12,8039,236,1.46744,0.5532730204553036
1589,397.25,8818,25,8317,475,1.53634,0.6024336211364139
1590,397.5,8449,152,5408,2888,1.48837,0.7270639040366392
1591,397.75,8604,54,7520,1029,1.50852,0.6226427748761213
1592,398.0,7895,30,7290,574,1.41635,0.5485497618207034
1593,398.25,7799,34,7114,650,1.40387,0.5470018343930676
1594,398.5,7878,4,7782,90,1.41414,0.5176322553600156
1595,398.75,7683,17,7342,323,1.38879,0.5193005841798853
1596,399.0,7203,42,6352,807,1.32639,0.5179382011022957
1597,399.25,7815,203,3742,3869,1.40595,0.7462312387077129
1598,399.5,7658,4,7558,94,1.38554,0.5035979649220746
1599,399.75,6701,94,4807,1798,1.26113,0.5463195101817618
1600,400.0,7053,69,5666,1316,1.30689,0.5395320197627961
1601,400.25,8570,59,7379,1131,1.5041,0.626717931328837
1602,400.5,7619,61,6395,1162,1.38047,0.5668170578936708
1603,400.75,7265,68,5904,1292,1.33445,0.5518389447943465
1604,401.0,6845,69,5458,1317,1.27985,0.5260460464967227
1605,401.25,7194,12,6943,237,1.32522,0.48223872611862906
1606,401.5,6695,13,6418,262,1.26035,0.4513579384285923
1607,401.75,6381,9,6195,176,1.21953,0.42562354556735366
1608,402.0,6592,30,5982,578,1.24696,0.4641086761034732
1609,402.25,6392,50,5379,961,1.22096,0.47471139552941377
1610,402.5,6060,6,5930,123,1.1778,0.40149436340935146
1611,402.75,6872,39,6076,755,1.28336,0.49323139134146804
1612,403.0,5820,26,5297,496,1.1466,0.40888736953428567
1613,403.25,5344,0,5336,6,1.08472,0.3477721356003711
1614,403.5,6400,19,6012,367,1.222,0.4386587714182387
1615,403.75,5661,45,4744,870,1.12593,0.42156113451994043
1616,404.0,5660,25,5155,478,1.1258,0.3973941006323183
1617,404.25,5559,31,4922,604,1.11267,0.3985643458918602
1618,404.5,5415,14,5123,277,1.09395,0.3690468044929194
1619,404.75,5281,8,5107,165,1.07653,0.3534291152894347
1620,405.0,5140,27,4598,514,1.0582,0.3657949915773785
1621,405.25,5391,36,4657,696,1.09083,0.3933212601177379
1622,405.5,5189,42,4343,802,1.06457,0.38672617977990903
1623,405.75,5471,1,5438,30,1.10123,0.3575109719920552
1624,406.0,5345,5,5238,101,1.08485,0.35366764945520396
1625,406.25,4876,5,4756,113,1.02388,0.32393359343898454
1626,406.5,5146,22,4695,428,1.05898,0.3608721036069537
1627,406.75,4954,0,4950,3,1.03402,0.32223595034750385
1628,407.0,4753,6,4626,120,1.00789,0.3163443223551723
1629,407.25,5235,1,5196,36,1.07055,0.3425388645195164
1630,407.5,4976,47,4024,903,1.0368799999999998,0.37908446133886314
1631,407.75,4880,21,4452,406,1.0244,0.3422139845311828
1632,408.0,4743,15,4437,290,1.00659,0.32618457126359485
1633,408.25,4694,19,4308,365,1.00022,0.32764499570681677
1634,408.5,5609,12,5349,246,1.11917,0.3797631681893783
1635,408.75,5129,0,5115,12,1.05677,0.33417724051742725
1636,409.0,4723,13,4449,259,1.00399,0.3229800503150677
1637,409.25,5165,10,4947,206,1.06145,0.34842684013752595
1638,409.5,5432,10,5217,203,1.09616,0.36561166906328624
1639,409.75,5204,94,3306,1802,1.06652,0.44928012434284453
1640,410.0,5613,10,5402,200,1.11969,0.37716889728924974
1641,410.25,4789,19,4402,367,1.01257,0.3339081480828424
1642,410.5,4712,48,3741,922,1.0025600000000001,0.3630563552450369
1643,410.75,5450,30,4849,570,1.0985,0.38937226250749707
1644,411.0,5522,34,4830,657,1.10786,0.3994083502732962
1645,411.25,4509,41,3679,787,0.97617,0.3416044507203765
1646,411.5,5399,9,5204,185,1.0918700000000003,0.3623337921104452
1647,411.75,5364,29,4771,562,1.08732,0.3833172352267465
1648,412.0,5332,27,4787,516,1.08316,0.378405083251542
1649,412.25,5533,1,5509,22,1.10929,0.3610457636819581
1650,412.5,6104,48,5124,930,1.18352,0.45408953239472666
1651,412.75,5712,6,5581,124,1.13256,0.37892865212863486
1652,413.0,5816,26,5292,497,1.14608,0.40866964436314424
1653,413.25,5721,58,4541,1120,1.13373,0.4408785866493524
1654,413.5,6684,11,6458,214,1.25892,0.4476783625760618
1655,413.75,6532,63,5259,1209,1.23916,0.49903354312370074
1656,414.0,5752,13,5480,257,1.1377600000000003,0.38973543366042857
1657,414.25,6303,52,5257,993,1.20939,0.47085098550690746
1658,414.5,6854,14,6572,267,1.28102,0.4619724762481892
1659,414.75,7177,22,6721,432,1.32301,0.4931591903632035
1660,415.0,7140,49,6152,937,1.3182,0.5218501051599579
1661,415.25,6875,65,5571,1238,1.28375,0.5231258668533004
1662,415.5,6494,37,5735,720,1.23422,0.4664779358759429
1663,415.75,7424,62,6172,1188,1.35512,0.5557646583098381
1664,416.0,7160,55,6045,1058,1.3208,0.5305860380068624
1665,416.25,7354,4,7269,80,1.34602,0.48297627748484756
1666,416.5,7359,11,7138,209,1.34667,0.49122156779828935
1667,416.75,7082,22,6628,430,1.31066,0.4868395545268963
1668,417.0,7669,6,7530,131,1.38697,0.506575056173513
1669,417.25,7695,46,6771,877,1.39035,0.5541881408112511
1670,417.5,7562,40,6742,778,1.37306,0.5394994083772084
1671,417.75,7888,24,7391,471,1.41544,0.5417678230781088
1672,418.0,7386,23,6922,439,1.35018,0.5071760021708756
1673,418.25,7764,28,7187,547,1.39932,0.5383771973417545
1674,418.5,7893,0,7878,13,1.41609,0.5138798190481415
1675,418.75,7399,14,7113,270,1.35187,0.4976172747898979
1676,419.0,7931,22,7484,424,1.42103,0.5416363518533405
1677,419.25,8191,6,8057,127,1.45483,0.5402384334681446
1678,419.5,7896,46,6959,889,1.41648,0.5680285117886879
1679,419.75,7986,14,7692,278,1.42818,0.5362392027736015
1680,420.0,8168,98,6196,1872,1.45184,0.6462334529465011
1681,420.25,7880,13,7618,248,1.4144,0.5275248952270427
1682,420.5,7897,0,7882,14,1.41661,0.5141766667291758
1683,420.75,7618,47,6660,909,1.38034,0.5511557939449473
1684,421.0,7944,92,6101,1750,1.42272,0.624129346350904
1685,421.25,7819,104,5738,1976,1.40647,0.6299638809482666
1686,421.5,8035,69,6647,1317,1.43455,0.6034343698840936
1687,421.75,8014,22,7556,434,1.43182,0.5476824338411947
1688,422.0,8036,134,5344,2556,1.43468,0.6797705713234269
1689,422.25,7594,49,6613,931,1.37722,0.5509638272632287
1690,422.5,7037,27,6486,523,1.30481,0.48963660410589227
1691,422.75,7850,50,6846,953,1.4105,0.5689367583820202
1692,423.0,7689,5,7587,96,1.38957,0.5057491097300083
1693,423.25,7298,10,7079,207,1.33874,0.4871487878646107
1694,423.5,7579,33,6912,632,1.37527,0.5316112770494633
1695,423.75,6898,3,6823,70,1.28674,0.4527000722409916
1696,424.0,7559,60,6355,1143,1.37267,0.5617623149766787
1697,424.25,8020,25,7516,478,1.4326,0.5507636274303072
1698,424.5,7782,3,7703,74,1.40166,0.5104319698877655
1699,424.75,6795,19,6399,375,1.27335,0.4648235774799616
1700,425.0,6818,65,5516,1236,1.27634,0.5193209567352652
1701,425.25,6789,15,6481,292,1.27257,0.45927305239090915
1702,425.5,6710,9,6510,189,1.2623,0.44782822234805053
1703,425.75,6469,30,5863,575,1.23097,0.4559022033399363
1704,426.0,6560,28,5996,535,1.2428,0.45934524371492114
1705,426.25,6404,42,5562,799,1.22252,0.46549271447636453
1706,426.5,6109,32,5466,610,1.18417,0.434693677367397
1707,426.75,5967,90,4157,1719,1.16571,0.49371894483094025
1708,427.0,6294,18,5915,359,1.20822,0.43124622777101684
1709,427.25,6175,40,5373,761,1.19275,0.4482594092711139
1710,427.5,5943,44,5060,838,1.16259,0.4379248705682769
1711,427.75,6113,144,3226,2742,1.18469,0.5661998256763676
1712,428.0,5161,21,4727,412,1.06093,0.3608380702228457
1713,428.25,5497,2,5447,47,1.10461,0.3602100828549278
1714,428.5,5239,69,3857,1312,1.07107,0.42134774720423607
1715,428.75,6187,103,4117,1966,1.19431,0.5232341609590891
1716,429.0,5653,26,5121,505,1.12489,0.3985587775486522
1717,429.25,5348,21,4913,413,1.0852399999999998,0.3730554413752463
1718,429.5,5545,24,5051,469,1.11085,0.38930869346933916
1719,429.75,5587,12,5331,242,1.11631,0.3781087038252132
1720,430.0,5532,118,3156,2256,1.10916,0.4985442788335455
1721,430.25,5431,0,5429,1,1.09603,0.35311188327539755
1722,430.5,5035,19,4636,378,1.0445499999999999,0.35059733238372015
1723,430.75,4929,63,3661,1203,1.03077,0.39450860628031437
1724,431.0,4762,18,4385,357,1.00906,0.33155445980465864
1725,431.25,5179,26,4640,511,1.06327,0.36812047248069846
1726,431.5,5645,40,4826,777,1.12385,0.4148267719578385
1727,431.75,5558,10,5346,200,1.11254,0.3736159212628748
1728,432.0,5539,16,5212,309,1.11007,0.3791150290318546
1729,432.25,6118,18,5757,342,1.18534,0.41878466895033256
1730,432.5,5979,4,5881,92,1.16727,0.3943304165626952
1731,432.75,6258,14,5968,274,1.20354,0.42370240146625765
1732,433.0,5890,3,5824,62,1.1557,0.38669440793697685
1733,433.25,5096,37,4350,707,1.05248,0.37482978874795764
1734,433.5,5106,28,4527,549,1.05378,0.36570414730793227
1735,433.75,4848,5,4731,111,1.0202399999999998,0.32196110737033545
1736,434.0,4822,11,4595,214,1.01686,0.32666772928461596
1737,434.25,5404,8,5224,170,1.09252,0.3617710196843114
1738,434.5,5029,6,4897,124,1.0437699999999999,0.3345633157082471
1739,434.75,5435,54,4342,1037,1.09655,0.4171649625062685
1740,435.0,5773,0,5758,13,1.1404899999999998,0.37608488897102993
1741,435.25,5311,3,5232,74,1.08043,0.34978687159820504
1742,435.5,6190,21,5750,417,1.1947,0.42803895784925666
1743,435.75,5369,0,5357,11,1.08797,0.3496810475444355
1744,436.0,6047,6,5920,120,1.17611,0.40045773897751846
1745,436.25,5963,69,4574,1318,1.16519,0.46879687582422613
1746,436.5,6284,6,6149,127,1.20692,0.41630518225866864
1747,436.75,5682,25,5164,491,1.12866,0.3996259828997394
1748,437.0,6803,53,5739,1010,1.27439,0.5044244341293391
1749,437.25,6153,55,5037,1060,1.18989,0.4652190937254327
1750,437.5,6507,44,5608,853,1.23591,0.4755336666003874
1751,437.75,6835,45,5922,867,1.27855,0.4976846340472419
1752,438.0,8195,18,7819,356,1.45535,0.5546413243571896
1753,438.25,8723,95,6812,1815,1.52399,0.6787819738724307
1754,438.5,8341,21,7911,407,1.47433,0.5672723470650066
1755,438.75,9089,6,8951,130,1.57157,0.598815937593327
1756,439.0,8537,24,8047,464,1.49981,0.5835190170841407
1757,439.25,6993,15,6675,301,1.29909,0.4730964054679206
1758,439.5,7165,1,7130,32,1.32145,0.467722144506151
1759,439.75,7398,67,6042,1287,1.35174,0.5601807620191537
1760,440.0,9263,4,9163,94,1.59419,0.6078950341317466
1761,440.25,8620,25,8106,488,1.5106,0.5903647103263414
1762,440.5,9177,54,8092,1029,1.58301,0.6599207791757354
1763,440.75,9503,16,9165,321,1.62539,0.6374629693705075
1764,441.0,9033,63,7756,1213,1.56429,0.6618402672917431
1765,441.25,8885,7,8739,138,1.54505,0.5860546793215242
1766,441.5,8593,23,8117,451,1.50709,0.5863496829785635
1767,441.75,8312,120,5908,2283,1.47056,0.6808828712764605
1768,442.0,7725,101,5694,1928,1.39425,0.6209008042997456
1769,442.25,7544,1,7517,25,1.37072,0.49190988680965475
1770,442.5,7478,18,7106,353,1.36214,0.5078312983178587
1771,442.75,7619,6,7480,131,1.38047,0.5033256106962335
1772,443.0,8224,3,8150,69,1.45912,0.5388698589074107
1773,443.25,8288,14,7999,274,1.46744,0.5556170974625042
1774,443.5,8182,7,8024,150,1.45366,0.541069292702604
1775,443.75,8036,3,7966,66,1.43468,0.5264048994333439
1776,444.0,7626,8,7453,163,1.38138,0.505753654065866
1777,444.25,7777,86,6053,1637,1.40101,0.6063545185769161
1778,444.5,9389,40,8578,769,1.61057,0.657690312576365
1779,444.75,9877,162,6618,3095,1.6740099999999998,0.8326366404007262
1780,445.0,7629,11,7403,214,1.38177,0.5090946126819257
1781,445.25,7706,2,7655,48,1.39178,0.5038721403676619
1782,445.5,7830,41,7008,780,1.4079,0.5570018204494642
1783,445.75,7344,23,6865,454,1.34472,0.5053639813208853
1784,446.0,7813,23,7342,447,1.40569,0.5353906732608109
1785,446.25,7715,12,7467,235,1.39295,0.5159748257927933
1786,446.5,8045,0,8031,12,1.43585,0.523715084369126
1787,446.75,7381,6,7241,132,1.34953,0.48789783840625656
1788,447.0,7170,5,7065,99,1.3221,0.47216704736293424
1789,447.25,7376,14,7090,271,1.34888,0.49614663403441145
1790,447.5,7083,10,6872,199,1.31079,0.4726942556000387
1791,447.75,7345,58,6182,1104,1.34485,0.5454136187793641
1792,448.0,6692,32,6050,609,1.25996,0.4724935726045386
1793,448.25,6981,111,4760,2109,1.29753,0.5836920857538419
1794,448.5,6795,18,6423,352,1.27335,0.4633955068694108
1795,448.75,7152,27,6606,518,1.31976,0.4968106641803726
1796,449.0,6645,31,6016,596,1.25385,0.46866894331345027
1797,449.25,6271,55,5169,1046,1.20523,0.47207176699284215
1798,449.5,6635,33,5968,632,1.25255,0.47024425204939524
1799,449.75,6694,53,5615,1024,1.26022,0.49818442688791903
1800,450.0,7129,98,5155,1874,1.31677,0.5788205330508259
1801,450.25,6929,0,6916,11,1.29077,0.45109038964404596
1802,450.5,6813,7,6665,139,1.27569,0.45145181644221893
1803,450.75,7939,9,7740,188,1.42207,0.5276462536690331
1804,451.0,7543,36,6804,701,1.37059,0.5335142898982769
1805,451.25,7618,31,6989,597,1.38034,0.5319354283365214
1806,451.5,6862,44,5978,839,1.28206,0.4977014536946313
1807,451.75,5446,40,4633,771,1.09798,0.4015054741029073
1808,452.0,5736,20,5316,398,1.13568,0.39740715211498995
1809,452.25,5129,41,4294,792,1.05677,0.38219358632474115
1810,452.5,5655,77,4105,1472,1.12515,0.4582279312865765
1811,452.75,5217,28,4648,540,1.06821,0.37236250550127487
1812,453.0,5745,71,4308,1365,1.13685,0.45748402052315523
1813,453.25,4929,43,4054,830,1.03077,0.37154704220788565
1814,453.5,5442,4,5351,85,1.09746,0.3590046280350108
1815,453.75,5619,75,4115,1428,1.12047,0.4531986364006368
1816,454.0,4891,29,4295,565,1.02583,0.35272651161977947
1817,454.25,4896,5,4786,104,1.02648,0.32465864637870956
1818,454.5,4830,8,4662,158,1.0179,0.3237335355857129
1819,454.75,4933,5,4819,107,1.03129,0.3272626026337675
1820,455.0,5206,47,4248,909,1.06678,0.39441034455200535
1821,455.25,4858,31,4228,598,1.02154,0.3526086766293251
1822,455.5,4676,1,4636,37,0.9978799999999999,0.3062527159341753
1823,455.75,4397,11,4157,227,0.96161,0.2998162137640421
1824,456.0,4480,17,4132,329,0.9724,0.3115162824839731
1825,456.25,4506,119,2117,2269,0.97578,0.43264229277882604
1826,456.5,4178,38,3407,731,0.93314,0.31663156171312906
1827,456.75,3779,23,3306,448,0.8812699999999999,0.27326303199121327
1828,457.0,4265,14,3974,276,0.9444500000000001,0.2942305005163159
1829,457.25,4348,24,3854,468,0.9552399999999999,0.31148625845632744
1830,457.5,4015,36,3287,691,0.9119500000000001,0.30353726334633985
1831,457.75,4136,10,3932,192,0.92768,0.28071585185881703
1832,458.0,4530,11,4306,212,0.9789,0.30751455022110596
1833,458.25,3710,27,3152,529,0.8722999999999999,0.2737372451824258
1834,458.5,4547,17,4189,339,0.98111,0.3164425275869792
1835,458.75,4205,5,4094,104,0.93665,0.27977206951862027
1836,459.0,4017,2,3976,38,0.91221,0.2634820340572694
1837,459.25,4099,17,3743,337,0.9228700000000001,0.28722738860226843
1838,459.5,4210,28,3646,535,0.9372999999999999,0.30660908212197524
1839,459.75,4170,1,4135,32,0.9321,0.2730467292469106
1840,460.0,5131,50,4125,955,1.05703,0.3923425093708636
1841,460.25,4816,48,3854,913,1.01608,0.3693168977005715
1842,460.5,5060,53,3992,1014,1.0477999999999998,0.39135130746374586
1843,460.75,4982,1,4942,37,1.0376599999999998,0.32615141888606486
1844,461.0,4907,6,4768,131,1.0279099999999999,0.3270518051043003
1845,461.25,4988,4,4905,78,1.0384399999999998,0.32904826118807207
1846,461.5,4924,23,4444,455,1.0301200000000001,0.34808195599735947
1847,461.75,5026,44,4127,853,1.04338,0.37923502384362506
1848,462.0,4777,38,4015,723,1.0110100000000002,0.3550764170953696
1849,462.25,5603,12,5358,232,1.11839,0.3785091127861559
1850,462.5,6353,18,5983,351,1.21589,0.4345626173804392
1851,462.75,6657,9,6459,187,1.25541,0.4442425308630504
1852,463.0,7655,11,7422,220,1.38515,0.5111685138295993
1853,463.25,7167,5,7059,102,1.32171,0.4721608440820919
1854,463.5,5712,3,5649,59,1.13256,0.37493237231271254
1855,463.75,5921,3,5848,68,1.15973,0.38908956189231975
1856,464.0,5337,60,4122,1153,1.08381,0.4179642485358015
1857,464.25,5448,16,5119,312,1.0982399999999997,0.37334534038481204
1858,464.5,5797,6,5674,116,1.14361,0.38399766768275023
1859,464.75,5720,40,4902,776,1.1336,0.4196244173428963
1860,465.0,6026,25,5515,484,1.1733799999999999,0.42152626040476776
1861,465.25,6247,49,5261,936,1.20211,0.4637258030755717
1862,465.5,6568,9,6386,172,1.24384,0.4375548570554264
1863,465.75,6441,1,6417,21,1.22733,0.420015940700774
1864,466.0,5940,34,5253,651,1.1622,0.4262330099310285
1865,466.25,6163,37,5421,704,1.19119,0.4439802939853502
1866,466.5,6114,16,5789,308,1.18482,0.41637960349623526
1867,466.75,6031,38,5255,736,1.17403,0.43736092503847185
1868,467.0,5985,37,5229,718,1.16805,0.4332452815914809
1869,467.25,6876,125,4373,2377,1.28388,0.5933134501949563
1870,467.5,6392,2,6336,52,1.22096,0.41870515409637227
1871,467.75,6330,30,5715,583,1.2129,0.44739164833196615
1872,468.0,6545,4,6463,77,1.24085,0.4301737619063636
1873,468.25,6557,52,5502,1001,1.24241,0.48788650404483125
1874,468.5,6725,9,6541,174,1.26425,0.4478862413505319
1875,468.75,6153,11,5914,226,1.18989,0.4138886003802178
1876,469.0,6479,61,5246,1171,1.23227,0.49324453654312994
1877,469.25,6062,34,5370,656,1.17806,0.43446886694725756
1878,469.5,6251,33,5587,629,1.2026299999999999,0.44510231201236156
1879,469.75,6293,58,5120,1113,1.20809,0.4776213642553302
1880,470.0,6285,106,4156,2021,1.20705,0.5330282420107967
1881,470.25,6230,6,6108,115,1.1999,0.4120524076091514
1882,470.5,6392,42,5550,799,1.22096,0.46469915203042683
1883,470.75,5923,19,5539,364,1.1599899999999999,0.4074214851788513
1884,471.0,6103,116,3763,2222,1.18339,0.5335469081536146
1885,471.25,5763,43,4899,820,1.13919,0.42512904151152386
1886,471.5,6806,58,5632,1114,1.27478,0.5110122922944446
1887,471.75,5592,15,5284,292,1.11696,0.3814898148617388
1888,472.0,5589,0,5582,6,1.11657,0.3636650381169724
1889,472.25,5995,7,5843,143,1.16935,0.39852926580887255
1890,472.5,5530,0,5511,17,1.1089,0.36051488543735605
1891,472.75,5850,41,5025,783,1.1505,0.42847048156395495
1892,473.0,5556,1,5529,25,1.11228,0.36271171124135887
1893,473.25,5313,89,3513,1709,1.08069,0.4506080602649407
1894,473.5,5130,33,4467,629,1.0569,0.3722190264586788
1895,473.75,5041,13,4770,256,1.04533,0.3434719543697575
1896,474.0,5082,14,4785,281,1.05066,0.34765483605703157
1897,474.25,5069,1,5034,33,1.04897,0.3315234740476315
1898,474.5,4793,9,4605,178,1.01309,0.3225072292888707
1899,474.75,4933,8,4763,161,1.03129,0.33058708645272034
1900,475.0,4561,29,3966,564,0.98293,0.33124018343212325
1901,475.25,5041,2,4993,44,1.04533,0.33043352754397715
1902,475.5,5024,5,4910,107,1.04312,0.33317913712567765
1903,475.75,4457,24,3960,471,0.9694099999999999,0.31873914298317
1904,476.0,4371,73,2908,1389,0.9582300000000001,0.36966957874238127
1905,476.25,4586,6,4455,124,0.98618,0.30573504430861037
1906,476.5,4849,30,4243,575,1.0203700000000002,0.35059781477409674
1907,476.75,4854,6,4721,126,1.0210199999999998,0.32329014328942074
1908,477.0,3930,4,3848,77,0.9009,0.26021930668710885
1909,477.25,4599,19,4209,370,0.9878700000000001,0.32173917336158536
1910,477.5,4229,11,3989,227,0.9397699999999999,0.2888792074027487
1911,477.75,4189,5,4084,99,0.93457,0.278388183553682
1912,478.0,6099,37,5340,720,1.1828700000000003,0.4408003887641817
1913,478.25,5766,23,5301,441,1.13958,0.401953247050255
1914,478.5,7773,40,6962,770,1.40049,0.5526698035891671
1915,478.75,7843,110,5623,2108,1.40959,0.6396348756322209
1916,479.0,7832,81,6204,1545,1.40816,0.6042598912506051
1917,479.25,6822,3,6746,71,1.27686,0.447856496264585
1918,479.5,7294,5,7177,110,1.33822,0.48093436785274374
1919,479.75,4987,40,4172,773,1.03831,0.3718003534181649
1920,480.0,5335,30,4720,583,1.08355,0.38269428866175237
1921,480.25,3283,0,3282,0,0.81679,0.21342106129241123
1922,480.5,4145,5,4043,96,0.92885,0.275387237481333
1923,480.75,4088,3,4023,61,0.9214399999999999,0.26950013749882984
1924,481.0,3911,18,3545,347,0.89843,0.2756167474970012
1925,481.25,3826,23,3356,446,0.8873799999999998,0.27615515409357033
1926,481.5,4185,19,3788,376,0.9340499999999999,0.2952285138303187
1927,481.75,3820,13,3541,264,0.8866,0.26458466671931824
1928,482.0,3836,1,3806,27,0.88868,0.2510410303246525
1929,482.25,3841,11,3616,212,0.88933,0.2627762817531193
1930,482.5,4186,23,3718,443,0.93418,0.2994282873046235
1931,482.75,4123,6,3991,124,0.9259899999999999,0.27567966545327455
1932,483.0,4236,15,3935,285,0.94068,0.29293177463797343
1933,483.25,4565,0,4562,2,0.9834500000000002,0.2968798785829719
1934,483.5,4758,14,4471,272,1.00854,0.32602950457014834
1935,483.75,4968,4,4883,80,1.03584,0.3278586622067936
1936,484.0,4618,14,4334,269,0.9903400000000001,0.3167560980328783
1937,484.25,4773,79,3177,1515,1.0104899999999999,0.40358094975934494
1938,484.5,4797,15,4478,302,1.01361,0.3304086374025509
1939,484.75,4312,0,4292,18,0.9505600000000001,0.28144630725879677
1940,485.0,4778,32,4127,617,1.01114,0.3486209808744708
1941,485.25,4856,39,4070,746,1.02128,0.36161348804762
1942,485.5,4890,26,4359,504,1.0257,0.3489037625070582
1943,485.75,5109,0,5101,6,1.05417,0.3325114702577303
1944,486.0,5134,27,4582,524,1.05742,0.36599337503413354
1945,486.25,4982,35,4275,671,1.0376599999999998,0.36517665675841315
1946,486.5,5311,35,4599,676,1.08043,0.3868554352436477
1947,486.75,5242,27,4692,522,1.07146,0.37288233495690964
1948,487.0,4724,14,4438,271,1.0041200000000001,0.3237488576284139
1949,487.25,5166,6,5044,115,1.06158,0.342926893368822
1950,487.5,5685,19,5301,364,1.12905,0.39194726417703907
1951,487.75,6058,111,3827,2119,1.17754,0.5242704321572421
1952,488.0,6074,2,6022,49,1.1796200000000003,0.39784155279526234
1953,488.25,6608,80,4988,1538,1.24904,0.5242831480604772
1954,488.5,7062,9,6875,176,1.30806,0.4699200079446258
1955,488.75,7257,7,7106,142,1.33341,0.48049313984829667
1956,489.0,6925,35,6210,679,1.29025,0.49194378244290093
1957,489.25,5897,24,5407,465,1.15661,0.41194885020345806
1958,489.5,6517,100,4497,1918,1.23721,0.5417683971351357
1959,489.75,6436,85,4730,1620,1.22668,0.5181378364012208
1960,490.0,6496,7,6343,144,1.23448,0.4311448224680408
1961,490.25,6135,134,3445,2554,1.18755,0.5561043164777159
1962,490.5,6642,20,6230,390,1.25346,0.4557783304201151
1963,490.75,5752,29,5167,555,1.1377600000000003,0.4080927506511176
1964,491.0,6698,77,5147,1472,1.26074,0.5260722349921221
1965,491.25,6356,22,5914,419,1.21628,0.43896915564340083
1966,491.5,6428,126,3890,2410,1.22564,0.5662634635027587
1967,491.75,6113,33,5445,633,1.18469,0.43637527644221746
1968,492.0,5855,30,5251,573,1.15115,0.41589627564899084
1969,492.25,6429,15,6119,294,1.22577,0.4360114362093812
1970,492.5,6555,11,6327,216,1.24215,0.4394057786107403
1971,492.75,6587,83,4910,1592,1.24631,0.526203739406651
1972,493.0,6537,2,6487,46,1.23981,0.42778557364430425
1973,493.25,6446,2,6393,50,1.22798,0.42208193039287845
1974,493.5,6031,59,4836,1135,1.17403,0.4619172929827553
1975,493.75,6506,22,6065,418,1.23578,0.4486642710566545
1976,494.0,5928,34,5229,663,1.16064,0.42620666676785063
1977,494.25,6529,20,6114,393,1.23877,0.44864160556608723
1978,494.5,6126,8,5954,162,1.1863799999999998,0.40820995336480187
1979,494.75,6086,49,5101,934,1.18118,0.45316269925693536
1980,495.0,6308,57,5153,1096,1.21004,0.4775653684879642
1981,495.25,6291,73,4814,1402,1.20783,0.49528447900387745
1982,495.5,6161,49,5179,932,1.19093,0.4578873694391275
1983,495.75,5620,29,5032,558,1.1206,0.3996966252433993
1984,496.0,6028,6,5899,122,1.17364,0.399345402452893
1985,496.25,5486,80,3871,1533,1.10318,0.45104824442110897
1986,496.5,5895,19,5505,370,1.15635,0.4059801267271867
1987,496.75,5158,29,4570,558,1.06054,0.3696667885869424
1988,497.0,5482,14,5198,269,1.10266,0.3729272503420751
1989,497.25,5187,5,5078,103,1.06431,0.3435130774304712
1990,497.5,5617,19,5234,363,1.12021,0.38746015605634515
1991,497.75,5613,11,5392,209,1.11969,0.377724008971936
1992,498.0,5259,17,4904,336,1.07367,0.3625512112665855
1993,498.25,5171,28,4596,545,1.06223,0.3696956288627567
1994,498.5,5254,12,4999,242,1.07302,0.35642170984615146
1995,498.75,5302,67,3946,1287,1.0792600000000003,0.42392084180688494
1996,499.0,4900,32,4246,621,1.027,0.3567435507195811
1997,499.25,4664,15,4351,296,0.99632,0.32143493264301776
1998,499.5,4934,19,4548,366,1.03142,0.3432549173731271
1999,499.75,4111,23,3650,437,0.92443,0.2941780171900732
2000,500.0,4872,11,4637,222,1.02336,0.3304063172621993
2001,500.25,4320,9,4129,180,0.9516,0.2919216629653627
2002,500.5,6357,20,5945,390,1.21641,0.43726381522943364
2003,500.75,6643,7,6488,147,1.25359,0.44085531878296885
2004,501.0,6187,6,6052,127,1.19431,0.410034174605716
2005,501.25,6452,13,6189,249,1.22876,0.4347514084711147
2006,501.5,6549,46,5626,876,1.24137,0.47966641309439106
2007,501.75,6195,13,5928,253,1.19535,0.4182588008576548
2008,502.0,4254,3,4187,63,0.9430199999999999,0.2804152750120977
2009,502.25,4087,40,3281,765,0.9213100000000001,0.31276423810545445
2010,502.5,4126,19,3735,371,0.9263799999999999,0.2910474394848142
2011,502.75,3728,9,3530,187,0.87464,0.2538445986544147
2012,503.0,3952,18,3580,352,0.9037600000000001,0.2786123150494019
2013,503.25,3636,50,2620,964,0.86268,0.29573993975532936
2014,503.5,3740,16,3403,319,0.8762000000000001,0.26275605021927334
2015,503.75,3401,17,3047,335,0.8321299999999999,0.24172112405548976
2016,504.0,5079,27,4534,516,1.05027,0.36196090995673397
2017,504.25,5510,0,5493,16,1.1063,0.3591416555131944
2018,504.5,4876,18,4504,352,1.02388,0.33864599496197867
2019,504.75,5318,18,4940,358,1.08134,0.36772593270647375
2020,505.0,5388,2,5345,39,1.09044,0.3526770201063422
2021,505.25,4719,19,4330,369,1.00347,0.3294734424561058
2022,505.5,4819,17,4474,327,1.01647,0.333414050545488
2023,505.75,5451,41,4618,790,1.0986299999999998,0.4030198696013502
2024,506.0,5173,47,4229,895,1.0624899999999997,0.39141060195403965
2025,506.25,4865,2,4815,46,1.02245,0.31910795183000407
2026,506.5,5118,22,4671,424,1.05534,0.3587808068977916
2027,506.75,5498,115,3190,2192,1.1047399999999998,0.4923749114273885
2028,507.0,5201,3,5136,60,1.0661299999999998,0.3418174410687365
2029,507.25,6287,13,6026,247,1.20731,0.42390874174417376
2030,507.5,7099,57,5942,1099,1.31287,0.5291127630223692
2031,507.75,7203,102,5155,1944,1.32639,0.5879499532843558
2032,508.0,7361,11,7122,226,1.34693,0.49242339442065636
2033,508.25,7823,31,7202,589,1.40699,0.54481220358253
2034,508.5,5942,16,5602,322,1.16246,0.40611721347113516
2035,508.75,6090,1,6056,31,1.1817,0.3978116195909107
2036,509.0,6428,55,5311,1060,1.22564,0.4831313912258336
2037,509.25,6210,11,5979,218,1.1973,0.41711018065402733
2038,509.5,6945,9,6761,174,1.29285,0.4621447419382496
2039,509.75,6022,20,5620,381,1.17286,0.4149201444567203
2040,510.0,6219,4,6132,82,1.19847,0.4093190743776503
2041,510.25,6782,9,6596,176,1.27166,0.45169551938908015
2042,510.5,7072,10,6855,205,1.30936,0.47231960199130607
2043,510.75,6732,23,6267,441,1.26516,0.46477287566571035
2044,511.0,6585,16,6252,316,1.24605,0.44750519240448744
2045,511.25,7510,12,7254,243,1.3663,0.5031206851758339
2046,511.5,6836,3,6761,70,1.27868,0.44869410361752454
2047,511.75,7265,5,7155,104,1.33445,0.47864823819686925
2048,512.0,7644,4,7558,80,1.38372,0.5018370993669851
2049,512.25,7200,2,7156,41,1.326,0.47055418055058174
2050,512.5,7226,47,6275,902,1.32938,0.5252878216818855
2051,512.75,7322,14,7029,278,1.34186,0.49306725519173544
2052,513.0,7831,3,7757,69,1.40803,0.5133083748256082
2053,513.25,7945,28,7381,535,1.42285,0.5493973531051969
2054,513.5,7700,32,7051,616,1.391,0.5384527759659092
2055,513.75,8312,25,7798,487,1.47056,0.5703146158275801
2056,514.0,7808,11,7584,211,1.40504,0.5205722891966589
2057,514.25,8233,31,7593,607,1.46029,0.5725712098480975
2058,514.5,7756,6,7623,125,1.39828,0.5118842642561917
2059,514.75,8620,134,5936,2549,1.5106,0.7172663858133332
2060,515.0,8419,80,6803,1534,1.48447,0.6417203418144516
2061,515.25,7932,31,7306,594,1.42116,0.5521920039475876
2062,515.5,8417,51,7395,970,1.48421,0.6068626402918263
2063,515.75,8411,39,7628,743,1.48343,0.5924849151464275
2064,516.0,8465,4,8380,80,1.49045,0.5551545417842646
2065,516.25,7252,18,6882,350,1.33276,0.49298713726875093
2066,516.5,8202,12,7948,241,1.45626,0.547976616029189
2067,516.75,8133,46,7202,883,1.44729,0.5830662513778561
2068,517.0,8090,132,5439,2517,1.4417,0.6808981183088525
2069,517.25,7985,15,7667,301,1.42805,0.5375830532740371
2070,517.5,7960,4,7863,91,1.4248,0.52301893103779
2071,517.75,8230,2,8174,53,1.4599,0.5382210469394023
2072,518.0,7960,3,7893,63,1.4248,0.5212982094847314
2073,518.25,7812,83,6139,1589,1.40556,0.6056415794486831
2074,518.5,8031,24,7539,466,1.43403,0.5507437179472299
2075,518.75,7753,58,6576,1117,1.39789,0.5727665304676078
2076,519.0,7714,26,7177,509,1.39282,0.5327892979151349
2077,519.25,8049,18,7688,342,1.43637,0.5442762160542658
2078,519.5,7282,61,6047,1172,1.33666,0.5455391013583679
2079,519.75,6878,9,6694,174,1.28414,0.45779478143184327
2080,520.0,7271,4,7173,92,1.33523,0.47830119308062186
2081,520.25,7227,13,6952,260,1.32951,0.4858037686742827
2082,520.5,7290,38,6527,724,1.3377,0.518460845594368
2083,520.75,7014,13,6748,252,1.30182,0.4714532536308912
2084,521.0,7783,27,7236,519,1.40179,0.5378934690136582
2085,521.25,8212,8,8033,169,1.45756,0.5442266240578728
2086,521.5,7605,12,7353,239,1.37865,0.5090537346381534
2087,521.75,7560,2,7511,46,1.3728,0.4942511642719747
2088,522.0,7130,50,6129,950,1.3169,0.5219701010503185
2089,522.25,5986,30,5369,586,1.16818,0.4251836675328671
2090,522.5,5614,7,5471,135,1.11982,0.37323126108938115
2091,522.75,6051,85,4342,1622,1.1766299999999998,0.49325348872784214
2092,523.0,5337,0,5317,18,1.08381,0.34804099910262976
2093,523.25,6171,39,5373,757,1.19223,0.44774092421761497
2094,523.5,5811,0,5797,13,1.14543,0.37852111218054924
2095,523.75,5442,3,5362,75,1.09746,0.3583790962348002
2096,524.0,5789,15,5488,285,1.14257,0.39384246912491205
2097,524.25,5445,37,4696,710,1.09785,0.39770188160472786
2098,524.5,5722,95,3809,1816,1.13386,0.48378478721648305
2099,524.75,5723,1,5688,32,1.1339899999999998,0.3740138278368455
2100,525.0,5228,0,5212,14,1.06964,0.3407265708491836
2101,525.25,5301,14,5018,268,1.0791299999999997,0.361117995652413
2102,525.5,5374,2,5319,51,1.0886200000000001,0.35247382973555624
2103,525.75,4830,37,4082,709,1.0179,0.35765939671895436
2104,526.0,5265,41,4436,786,1.07445,0.39068475277474146
2105,526.25,4725,12,4471,241,1.00425,0.32196833559664145
2106,526.5,5283,24,4790,467,1.07679,0.3721963346054793
2107,526.75,4949,7,4791,149,1.0333700000000001,0.3308778245089739
2108,527.0,4620,15,4318,286,0.9906,0.3179128572124067
2109,527.25,4854,29,4260,564,1.0210199999999998,0.35025141783556984
2110,527.5,4851,46,3926,878,1.02063,0.36941246696029173
2111,527.75,5323,49,4342,931,1.0819899999999998,0.4033381393444927
2112,528.0,5051,7,4892,150,1.04663,0.3375951872915991
2113,528.25,4716,28,4139,547,1.00308,0.3402728057927846
2114,528.5,5507,35,4806,665,1.10591,0.3989318533766627
2115,528.75,5216,21,4777,416,1.06808,0.3647085711679945
2116,529.0,4950,5,4830,113,1.0335,0.3287553362683671
2117,529.25,4613,15,4298,298,0.9896899999999998,0.31825584741179225
2118,529.5,4986,11,4757,217,1.03818,0.3374539227254843
2119,529.75,5088,2,5028,56,1.05144,0.3341992546340371
2120,530.0,5311,57,4154,1098,1.08043,0.4128590920835919
2121,530.25,5434,27,4888,518,1.09642,0.3851380550231022
2122,530.5,5551,21,5125,404,1.1116299999999997,0.38572010208858587
2123,530.75,4888,74,3397,1415,1.02544,0.40491191346619876
2124,531.0,5501,6,5362,131,1.1051299999999997,0.3656497741615661
2125,531.25,5463,6,5340,115,1.10019,0.3622378222006812
2126,531.5,6390,181,2764,3444,1.2207,0.6274492550806493
2127,531.75,5686,35,4970,679,1.12918,0.41145009412498357
2128,532.0,5563,78,3986,1497,1.11319,0.4537920588716263
2129,532.25,5869,23,5396,449,1.15297,0.40915402029598225
2130,532.5,7867,57,6716,1092,1.41271,0.5786404482520086
2131,532.75,7365,11,7135,218,1.34745,0.492161950925605
2132,533.0,8178,103,6103,1971,1.45314,0.6529456034573192
2133,533.25,8058,7,7916,134,1.43754,0.5320656646498745
2134,533.5,8240,21,7801,416,1.4612,0.5612510027362945
2135,533.75,8084,4,8003,76,1.44092,0.5301419594711233
2136,534.0,6171,14,5886,270,1.19223,0.41778190986903696
2137,534.25,6861,65,5551,1243,1.28193,0.5225583177821905
2138,534.5,7028,72,5584,1371,1.30364,0.5412782470998915
2139,534.75,6918,38,6142,736,1.28934,0.49503715519761365
2140,535.0,6344,2,6285,55,1.21472,0.4157800675233763
2141,535.25,7127,42,6269,814,1.31651,0.5134046183238595
2142,535.5,6535,66,5206,1261,1.23955,0.5024865670864841
2143,535.75,6965,42,6114,807,1.29545,0.5024745146882102
2144,536.0,7509,44,6614,849,1.36617,0.5404030979032156
2145,536.25,7530,7,7383,139,1.3689,0.4980165874179832
2146,536.5,7550,34,6852,663,1.3715,0.5315804016941471
2147,536.75,7882,14,7589,278,1.41466,0.5294619707943871
2148,537.0,7728,89,5944,1693,1.39464,0.6066310379566655
2149,537.25,7022,15,6708,297,1.30286,0.47474875893843027
2150,537.5,7579,9,7383,186,1.37527,0.5040899954616535
2151,537.75,7734,63,6458,1212,1.39542,0.5773530365480368
2152,538.0,7751,37,6992,720,1.39763,0.5481968838546404
2153,538.25,7660,16,7321,321,1.3858,0.517675482188622
2154,538.5,7576,22,7118,434,1.37488,0.5192102050763242
2155,538.75,8640,118,6276,2245,1.5132,0.6998463503765766
2156,539.0,7832,30,7219,582,1.40816,0.5449229419603433
2157,539.25,8676,37,7928,710,1.51788,0.60767477003829
2158,539.5,7644,0,7634,9,1.38372,0.4974289574927847
2159,539.75,8193,89,6402,1700,1.45509,0.6372901755611066
2160,540.0,8068,44,7183,840,1.43884,0.576173591857313
2161,540.25,7720,41,6893,785,1.3936,0.5501701768339256
2162,540.5,7846,35,7134,676,1.40998,0.5516291128339219
2163,540.75,7966,42,7113,809,1.42558,0.5676351978111329
2164,541.0,7695,4,7609,80,1.39035,0.5051569003489002
2165,541.25,7843,7,7686,148,1.40959,0.5189458003466673
2166,541.5,7176,0,7156,18,1.32288,0.4675933781633062
2167,541.75,8058,6,7925,126,1.43754,0.5315474350281477
2168,542.0,8167,66,6846,1254,1.45171,0.6081236899826931
2169,542.25,7883,90,6080,1712,1.41479,0.6178182881953385
2170,542.5,8369,4,8277,86,1.47797,0.5493132553022327
2171,542.75,7832,46,6905,880,1.40816,0.5633015032571915
2172,543.0,7903,71,6482,1349,1.41739,0.5968231728015307
2173,543.25,7860,27,7315,517,1.4118,0.5427403158443842
2174,543.5,6587,9,6392,184,1.24631,0.4395468465773483
2175,543.75,7460,3,7389,66,1.3598,0.48900775052276363
2176,544.0,6835,87,5091,1656,1.27855,0.5462811314360427
2177,544.25,6809,31,6177,600,1.27517,0.4795356035825035
2178,544.5,6771,5,6653,111,1.27023,0.44696400563837185
2179,544.75,6888,34,6200,652,1.28544,0.48791035343780226
2180,545.0,7083,52,6025,1004,1.31079,0.5222572927218738
2181,545.25,6922,67,5563,1290,1.28986,0.5294199138985823
2182,545.5,6692,146,3770,2775,1.25996,0.6058856515234483
2183,545.75,6814,26,6287,500,1.27582,0.4737066916422375
2184,546.0,6735,11,6503,219,1.26555,0.451301895324854
2185,546.25,6534,69,5145,1318,1.23942,0.505913849601366
2186,546.5,5786,32,5132,620,1.14218,0.41430034938512333
2187,546.75,5985,15,5671,297,1.16805,0.4073537686552308
2188,547.0,6119,3,6052,63,1.18547,0.40165060592429846
2189,547.25,6237,18,5871,347,1.20081,0.42679539640833125
2190,547.5,5527,7,5385,134,1.1085100000000003,0.3675555216843432
2191,547.75,5833,24,5351,457,1.14829,0.40733059734326726
2192,548.0,5280,14,4983,281,1.0764,0.36056187560512865
2193,548.25,5974,66,4646,1261,1.1666200000000002,0.4659960968266134
2194,548.5,5659,45,4742,871,1.12567,0.42147308354333124
2195,548.75,5107,52,4062,992,1.05391,0.393056528989801
2196,549.0,5033,15,4728,289,1.04429,0.3449780370594665
2197,549.25,5488,16,5161,310,1.10344,0.3758357020275565
2198,549.5,5722,35,5013,672,1.13386,0.4133623169824691
2199,549.75,4923,44,4039,839,1.02999,0.37167247497175904
2200,550.0,5436,8,5257,169,1.09668,0.3637581335911708
2201,550.25,4992,19,4594,377,1.03896,0.34773363960971637
2202,550.5,5361,20,4946,393,1.08693,0.3726913683410148
2203,550.75,5284,10,5079,193,1.07692,0.3553948965462413
2204,551.0,5097,9,4900,187,1.05261,0.34282582375376963
2205,551.25,4478,60,3264,1153,0.97214,0.3620854621876934
2206,551.5,5217,50,4205,960,1.06821,0.3982566878391093
2207,551.75,5153,31,4531,590,1.05989,0.37128551990566133
2208,552.0,5123,9,4940,173,1.0559899999999998,0.3436653025771299
2209,552.25,5061,7,4910,142,1.04793,0.3377701587326141
2210,552.5,4749,1,4722,25,1.00737,0.3102634374686787
2211,552.75,5353,50,4341,961,1.08589,0.40712629016560975
2212,553.0,5320,44,4436,838,1.0816,0.39746118180594253
2213,553.25,4756,38,3995,722,1.00828,0.35364453104698274
2214,553.5,5508,7,5360,140,1.10604,0.366648172098245
2215,553.75,5194,3,5131,58,1.06522,0.34124236103355443
2216,554.0,5239,43,4377,818,1.07107,0.39094662752924253
2217,554.25,5199,94,3318,1786,1.0658700000000003,0.4479279873581768
2218,554.5,5286,60,4078,1147,1.07718,0.41423656020412913
2219,554.75,5783,1,5762,19,1.14179,0.3771127333220269
2220,555.0,5749,26,5215,507,1.1373700000000002,0.40492125707925886
2221,555.25,6946,15,6636,293,1.29298,0.46958295589819316
2222,555.5,6774,15,6463,295,1.27062,0.458480791114787
2223,555.75,5933,21,5497,413,1.16129,0.4111138771245535
2224,556.0,5499,5,5386,107,1.1048700000000002,0.36402501742016274
2225,556.25,6011,32,5352,625,1.17143,0.42922701780055617
2226,556.5,5879,26,5356,496,1.15427,0.41271699607705703
2227,556.75,5399,15,5091,291,1.0918700000000003,0.3689035367612291
2228,557.0,5635,24,5136,473,1.12255,0.39543915377868283
2229,557.25,6008,59,4825,1122,1.17104,0.45966814507648096
2230,557.5,6428,58,5258,1110,1.22564,0.48621377870784244
2231,557.75,6203,33,5541,628,1.19639,0.44189320968716456
2232,558.0,6322,49,5327,945,1.21186,0.4691348146059511
2233,558.25,6827,43,5965,818,1.27751,0.49417156979342614
2234,558.5,6529,70,5111,1346,1.23877,0.5073184003563124
2235,558.75,7191,78,5617,1495,1.32483,0.5594838637484183
2236,559.0,7237,23,6762,451,1.33081,0.4981915209471886
2237,559.25,6988,119,4601,2267,1.29844,0.5938540438117372
2238,559.5,7300,18,6925,355,1.339,0.4963863893095521
2239,559.75,7348,5,7235,106,1.34524,0.4841796945377073
2240,560.0,7176,151,4152,2872,1.32288,0.6433039235347547
2241,560.25,7591,30,6988,572,1.37683,0.5286418945276132
2242,560.5,7715,19,7323,371,1.39295,0.5243809055711026
2243,560.75,7203,17,6849,336,1.32639,0.4889011395909428
2244,561.0,7606,80,5987,1537,1.37878,0.589083063520341
2245,561.25,7670,24,7185,460,1.3871,0.5268979130256756
2246,561.5,7944,7,7800,136,1.42272,0.5247531463854209
2247,561.75,7614,97,5663,1852,1.37982,0.6089992189391754
2248,562.0,7619,16,7298,304,1.38047,0.5139824705240206
2249,562.25,7896,13,7620,261,1.41648,0.5293567556838683
2250,562.5,8240,68,6869,1302,1.4612,0.6158016834164737
2251,562.75,7560,20,7156,383,1.3728,0.5150255129974327
2252,563.0,8686,19,8296,369,1.51918,0.5873688972221116
2253,563.25,8859,23,8395,440,1.54167,0.6029418352268255
2254,563.5,8929,25,8412,490,1.55077,0.6106074271376117
2255,563.75,8511,75,6998,1437,1.49643,0.6417070395062635
2256,564.0,8449,21,8018,408,1.48837,0.574359408075333
2257,564.25,7957,74,6475,1407,1.42441,0.6038599782557074
2258,564.5,7903,23,7433,445,1.41739,0.5411478801423906
2259,564.75,8457,55,7346,1054,1.48941,0.6146701676444285
2260,565.0,8164,23,7691,448,1.45132,0.5582923004078517
2261,565.25,7759,154,4676,2928,1.39867,0.6846841316457402
2262,565.5,7935,100,5933,1901,1.42155,0.6328719882776861
2263,565.75,7832,10,7631,190,1.40816,0.5208015612307799
2264,566.0,8233,91,6401,1739,1.46029,0.6422764447288203
2265,566.25,7696,78,6129,1487,1.39048,0.5918644157545468
2266,566.5,7257,22,6803,431,1.33341,0.49824864251213885
2267,566.75,7064,65,5750,1247,1.30832,0.5359746225313048
2268,567.0,8003,101,5970,1931,1.43039,0.6391201243710446
2269,567.25,7252,59,6053,1138,1.33276,0.5414989686487715
2270,567.5,7614,36,6891,686,1.37982,0.5371935378784561
2271,567.75,7354,21,6931,401,1.34602,0.5027390114174347
2272,568.0,7125,18,6760,346,1.31625,0.48446995428027234
2273,568.25,7085,8,6908,167,1.31105,0.470835937461403
2274,568.5,7549,7,7395,145,1.37137,0.4996510611883849
2275,568.75,7260,17,6913,329,1.3338,0.49219407276269667
2276,569.0,7485,46,6560,877,1.36305,0.5405904468003863
2277,569.25,7777,61,6546,1169,1.40101,0.5775170862720193
2278,569.5,7023,33,6355,634,1.30299,0.49554492326465016
2279,569.75,6993,31,6355,605,1.29909,0.4918601667499703
2280,570.0,6767,38,5997,731,1.26971,0.48488614548471565
2281,570.25,6483,5,6382,95,1.23279,0.42725074611768726
2282,570.5,6153,2,6094,55,1.18989,0.403390149472157
2283,570.75,5783,112,3524,2145,1.14179,0.5080019737376864
2284,571.0,6323,7,6177,138,1.2119899999999997,0.4195349567129743
2285,571.25,6842,26,6308,506,1.27946,0.4759502543882796
2286,571.5,5969,2,5910,55,1.16597,0.3913848788170067
2287,571.75,5288,31,4662,594,1.07744,0.38030402398551694
2288,572.0,5887,6,5749,130,1.15531,0.39069872169897024
2289,572.25,5924,20,5506,396,1.1601200000000003,0.4094566003341567
2290,572.5,5311,0,5309,1,1.08043,0.34529989649020415
2291,572.75,5317,19,4922,374,1.08121,0.36865400975762136
2292,573.0,5215,32,4569,613,1.06795,0.37676404977579536
2293,573.25,5212,39,4426,746,1.06756,0.38472271623292137
2294,573.5,5258,10,5053,194,1.07354,0.3537422641139571
2295,573.75,4994,31,4357,605,1.03922,0.36186831048574614
2296,574.0,4830,46,3899,883,1.0179,0.3683727657039307
2297,574.25,5207,41,4385,780,1.06691,0.3865116403190604
2298,574.5,5059,9,4864,185,1.04767,0.34022914699754897
2299,574.75,6687,65,5374,1246,1.25931,0.511422752860753
2300,575.0,6815,15,6509,290,1.27595,0.46085381108384826
2301,575.25,6311,10,6093,207,1.21043,0.4229678380127836
2302,575.5,6830,17,6470,341,1.2779,0.4649767029936631
2303,575.75,6617,63,5338,1214,1.25021,0.5049172677060533
2304,576.0,5071,60,3870,1140,1.04923,0.3998621637732875
2305,576.25,5123,36,4397,689,1.0559899999999998,0.3754440548591662
2306,576.5,5352,46,4417,887,1.0857600000000003,0.40255381288786407
2307,576.75,5059,25,4546,487,1.04767,0.3588286669218861
2308,577.0,5371,65,4066,1239,1.08823,0.42542391702575
2309,577.25,4983,33,4305,643,1.03779,0.36350541850444695
2310,577.5,5031,4,4945,81,1.04403,0.33203196789458383
2311,577.75,5127,26,4594,505,1.0565100000000003,0.36440664650122667
2312,578.0,5433,16,5112,304,1.09629,0.37191121511229075
2313,578.25,5442,14,5149,278,1.09746,0.3708613356824167
2314,578.5,5350,28,4781,539,1.0855,0.38099661597281037
2315,578.75,5003,6,4869,127,1.04039,0.3330238627102764
2316,579.0,5623,15,5321,286,1.1209899999999997,0.38314139914330914
2317,579.25,5252,19,4868,364,1.0727600000000002,0.36383186598199074
2318,579.5,5312,17,4970,323,1.08056,0.3652305380979132
2319,579.75,5325,21,4886,416,1.08225,0.3717918493853217
2320,580.0,5725,1,5690,32,1.13425,0.3741469035869746
2321,580.25,6200,23,5730,446,1.196,0.43048122534227745
2322,580.5,5636,2,5583,49,1.12268,0.36939161904609136
2323,580.75,6521,31,5892,597,1.23773,0.4606572523127208
2324,581.0,6384,13,6120,250,1.21992,0.43037593864903106
2325,581.25,5767,42,4922,802,1.13971,0.42425104078436626
2326,581.5,6189,86,4455,1647,1.19457,0.5037111179419372
2327,581.75,6089,33,5423,632,1.18157,0.43471498907150474
2328,582.0,6699,11,6476,211,1.26087,0.4484723776532605
2329,582.25,6301,85,4594,1621,1.2091299999999998,0.5094229424556288
2330,582.5,6209,35,5495,677,1.19717,0.44533274423455693
2331,582.75,6694,23,6221,448,1.26022,0.46274473604794275
2332,583.0,7239,37,6492,708,1.33107,0.5141925203179264
2333,583.25,6924,22,6483,418,1.29012,0.4758418029484802
2334,583.5,7193,39,6403,749,1.32509,0.513718527519858
2335,583.75,7294,46,6358,888,1.33822,0.5288433387500797
2336,584.0,6796,11,6559,224,1.27348,0.45558216293060083
2337,584.25,7063,11,6836,214,1.30819,0.47233250664267507
2338,584.5,7415,135,4706,2573,1.35395,0.6404399656863701
2339,584.75,7321,1,7287,31,1.34173,0.47781163668343324
2340,585.0,8071,5,7957,107,1.43923,0.5312396489171795
2341,585.25,7259,2,7214,42,1.33367,0.4744327874405315
2342,585.5,7417,152,4372,2892,1.35421,0.6602216413018749
2343,585.75,7834,78,6272,1483,1.40842,0.6005618261348202
2344,586.0,7610,3,7538,67,1.3793,0.49882305239221303
2345,586.25,6977,3,6901,71,1.29701,0.45790218102922065
2346,586.5,8466,50,7456,958,1.49058,0.6093348982669051
2347,586.75,7598,80,5986,1530,1.37774,0.58814310832127
2348,587.0,8117,54,7028,1033,1.44521,0.5912642691284671
2349,587.25,7595,64,6297,1232,1.37735,0.5695605916165735
2350,587.5,7728,12,7468,246,1.39464,0.5174739115017278
2351,587.75,7509,34,6826,648,1.36617,0.5280090912933875
2352,588.0,7777,106,5648,2022,1.40101,0.6300345391448761
2353,588.25,7803,26,7276,500,1.40439,0.5380043405689539
2354,588.5,7947,40,7127,778,1.42311,0.5644819329619828
2355,588.75,7859,35,7145,677,1.41167,0.5525679107809502
2356,589.0,7516,115,5212,2188,1.36708,0.6233115670470336
2357,589.25,7763,24,7265,473,1.39919,0.5337226359653342
2358,589.5,8319,127,5777,2413,1.47147,0.6893845266121417
2359,589.75,8243,17,7895,329,1.46159,0.5561108027060148
2360,590.0,7935,17,7584,333,1.42155,0.5363008487620032
2361,590.25,7946,51,6912,981,1.42298,0.5769569317213635
2362,590.5,8308,14,8017,275,1.47004,0.5569991585470915
2363,590.75,7799,74,6312,1411,1.40387,0.5938687788808048
2364,591.0,7753,118,5380,2253,1.39789,0.6427307552327808
2365,591.25,7019,41,6183,793,1.30247,0.5051131873925059
2366,591.5,7079,12,6833,233,1.31027,0.4745176891337326
2367,591.75,7323,4,7226,91,1.34199,0.48165361736062695
2368,592.0,7007,30,6406,570,1.30091,0.4905728275611611
2369,592.25,6864,1,6827,34,1.28232,0.4482689608832943
2370,592.5,8016,1,7993,21,1.43208,0.5223339483549932
2371,592.75,7762,63,6501,1197,1.39906,0.5782739964189946
2372,593.0,8828,7,8674,146,1.53764,0.582820846862848
2373,593.25,9072,35,8353,682,1.56936,0.631727395083725
2374,593.5,9412,25,8899,486,1.61356,0.6417334920643253
2375,593.75,9099,30,8494,574,1.57287,0.6268166438369157
2376,594.0,8953,127,6398,2427,1.55389,0.7314024198866208
2377,594.25,8120,142,5263,2713,1.4456,0.6949019728616085
2378,594.5,8545,29,7947,567,1.50085,0.5903962396966891
2379,594.75,7101,32,6448,619,1.31313,0.499731413010922
2380,595.0,7113,6,6991,115,1.31469,0.4694491936844224
2381,595.25,6824,10,6613,199,1.27712,0.45586236033363287
2382,595.5,6424,1,6399,22,1.22512,0.418968979505768
2383,595.75,5852,28,5288,535,1.1507600000000002,0.4133352047790542
2384,596.0,5795,2,5741,51,1.14335,0.37982278129644115
2385,596.25,5077,16,4750,309,1.0500100000000003,0.3490923540487789
2386,596.5,5554,12,5312,229,1.11202,0.37511246873310117
2387,596.75,5855,15,5551,288,1.15115,0.3983511817447109
2388,597.0,5606,9,5409,186,1.11878,0.3758902348891508
2389,597.25,4725,21,4298,404,1.00425,0.3320491827584025
2390,597.5,5175,14,4894,266,1.06275,0.3527635167928837
2391,597.75,5772,117,3423,2231,1.14036,0.5125841343197873
2392,598.0,5155,5,5053,95,1.06015,0.34098375847407325
2393,598.25,5251,118,2885,2247,1.0726299999999998,0.47971148196586716
2394,598.5,5599,47,4650,901,1.1178700000000001,0.41943334344273103
2395,598.75,5033,10,4824,198,1.04429,0.3393394064352803
2396,599.0,5288,68,3909,1309,1.07744,0.424368902224285
2397,599.25,5152,4,5058,88,1.0597600000000003,0.3403216473175725
2398,599.5,5200,22,4749,428,1.066,0.36437514690599815
2399,599.75,5116,36,4385,693,1.05508,0.37525016643966497
2400,600.0,4835,26,4298,509,1.0185499999999998,0.3456531323565318
2401,600.25,4868,5,4751,110,1.0228400000000002,0.32321749340339445
2402,600.5,4756,14,4457,283,1.00828,0.3265900966428241
2403,600.75,4536,34,3839,662,0.97968,0.3356073248685242
2404,601.0,5424,61,4187,1175,1.0951200000000003,0.4249239465375797
2405,601.25,5082,8,4919,154,1.05066,0.33984109219722974
2406,601.5,5472,8,5303,160,1.10136,0.36555391947102395
2407,601.75,5624,33,4944,645,1.1211200000000003,0.4052901283546613
2408,602.0,5216,83,3553,1579,1.06808,0.43630198716008584
2409,602.25,4858,1,4818,37,1.02154,0.3180738832733595
2410,602.5,5251,45,4340,864,1.0726299999999998,0.39456461371112556
2411,602.75,5170,13,4901,254,1.0621,0.35175181576722914
2412,603.0,4845,0,4832,11,1.01985,0.31562958146244835
2413,603.25,5360,16,5028,314,1.0868,0.367783976544082
2414,603.5,5565,6,5438,119,1.11345,0.36910923059021283
2415,603.75,5473,12,5230,230,1.1014899999999999,0.3699412109550831
2416,604.0,5518,58,4344,1114,1.10734,0.42729090909745887
2417,604.25,5453,11,5229,212,1.09889,0.36751667981987696
2418,604.5,7861,49,6877,934,1.41193,0.5684830139554697
2419,604.75,8455,120,6036,2297,1.48915,0.6910499495491498
2420,605.0,8372,83,6702,1586,1.47836,0.6418674313583541
2421,605.25,8280,33,7601,644,1.4664,0.5778905709976275
2422,605.5,8383,82,6726,1574,1.47979,0.6418247450017137
2423,605.75,8239,29,7652,556,1.46107,0.5698225310370801
2424,606.0,7835,48,6872,914,1.40855,0.5656101051549375
2425,606.25,6487,54,5390,1041,1.23331,0.4858025558961282
2426,606.5,6405,5,6297,102,1.22265,0.4226426153575322
2427,606.75,6839,70,5429,1339,1.27907,0.5270182785038919
2428,607.0,7258,5,7138,113,1.33354,0.4787733182917651
2429,607.25,7574,47,6630,895,1.37462,0.5474786164409793
2430,607.5,7093,0,7086,6,1.31209,0.4614391338744713
2431,607.75,6663,28,6087,546,1.25619,0.46675313327805734
2432,608.0,7268,2,7211,54,1.33484,0.47575116962749653
2433,608.25,7360,42,6509,807,1.3468,0.5281470320174244
2434,608.5,7616,70,6213,1332,1.38008,0.5770901329888085
2435,608.75,7483,6,7356,120,1.36279,0.49380026618577677
2436,609.0,7580,44,6699,836,1.3754,0.5441847237307452
2437,609.25,7438,8,7274,155,1.35694,0.4930259487847238
2438,609.5,7596,60,6388,1147,1.37748,0.5644006909015937
2439,609.75,7901,142,5045,2712,1.41713,0.6806061073404868
2440,610.0,7196,31,6566,598,1.32548,0.5045937091597004
2441,610.25,7750,68,6378,1303,1.3975,0.5840033837030707
2442,610.5,8092,32,7442,617,1.44196,0.564004514547372
2443,610.75,8412,36,7680,694,1.48356,0.5895593396533015
2444,611.0,7829,16,7491,320,1.40777,0.5286386776342015
2445,611.25,8326,29,7734,562,1.47238,0.5758103361292392
2446,611.5,8494,63,7219,1210,1.49422,0.6266596862854378
2447,611.75,7881,10,7666,203,1.41453,0.5247938012059883
2448,612.0,7832,29,7244,558,1.40816,0.5434560066712442
2449,612.25,7942,47,6996,897,1.42246,0.5715175761736084
2450,612.5,7962,1,7924,35,1.42506,0.5197455998500689
2451,612.75,8298,13,8031,253,1.46874,0.5549839263568659
2452,613.0,7716,43,6850,821,1.39308,0.5521479277659006
2453,613.25,8381,57,7233,1089,1.47953,0.6118762577362926
2454,613.5,7645,32,7003,609,1.38385,0.5344779352270754
2455,613.75,7465,112,5218,2134,1.36045,0.6166376868784906
2456,614.0,7956,8,7788,159,1.42428,0.5269601629071504
2457,614.25,8116,51,7085,978,1.44508,0.5878113898119461
2458,614.5,7743,15,7434,292,1.39659,0.5213176192009553
2459,614.75,7758,30,7145,581,1.39854,0.5401061439823686
2460,615.0,8146,95,6233,1816,1.44898,0.6413696900673879
2461,615.25,9710,2,9663,43,1.6523,0.6338522634158713
2462,615.5,9270,28,8702,539,1.5951,0.635773672297427
2463,615.75,9052,16,8713,321,1.56676,0.6082049190130079
2464,616.0,9426,109,7234,2082,1.61538,0.7409046475369662
2465,616.25,9260,96,7335,1828,1.5938,0.7145071291428464
2466,616.5,9047,0,9031,14,1.56611,0.5889733812501168
2467,616.75,6884,24,6385,473,1.28492,0.4765932782896437
2468,617.0,6865,3,6802,59,1.28245,0.449892059068943
2469,617.25,6748,47,5802,898,1.26724,0.49394821547471207
2470,617.5,6602,32,5951,618,1.24826,0.467203842936476
2471,617.75,6417,34,5729,653,1.22421,0.45734216655910237
2472,618.0,6579,9,6397,172,1.24527,0.4382745315006507
2473,618.25,6208,32,5553,621,1.19704,0.4418070494930725
2474,618.5,6357,48,5378,929,1.21641,0.47044917915622875
2475,618.75,5577,12,5332,232,1.1150100000000003,0.3768154457834294
2476,619.0,5931,4,5847,79,1.16103,0.39038327144738
2477,619.25,6347,3,6270,72,1.21511,0.4170173762979058
2478,619.5,5655,31,5028,594,1.12515,0.4042062002228633
2479,619.75,6014,3,5947,62,1.17182,0.3947775818453439
2480,620.0,5504,5,5398,100,1.10552,0.3639453565279874
2481,620.25,5899,1,5870,27,1.1568700000000003,0.38512349617917574
2482,620.5,5497,7,5340,148,1.10461,0.36647644585560163
2483,620.75,5409,59,4211,1137,1.09317,0.4216327174372643
2484,621.0,5455,13,5192,249,1.09915,0.36993462901097346
2485,621.25,4969,0,4957,11,1.03597,0.32368681624962026
2486,621.5,5601,12,5357,231,1.1181299999999998,0.3783320316999846
2487,621.75,5643,23,5170,449,1.12359,0.3944583011177983
2488,622.0,5092,25,4579,486,1.05196,0.36096385554919513
2489,622.25,5311,5,5198,107,1.08043,0.35181811119255363
2490,622.5,5347,15,5044,287,1.08511,0.36526736697786033
2491,622.75,5052,8,4878,165,1.0467600000000001,0.33855554321378095
2492,623.0,4718,2,4670,44,1.0033400000000001,0.30944013225103606
2493,623.25,5507,5,5392,108,1.10591,0.3646656105867075
2494,623.5,4895,2,4839,52,1.02635,0.32142776659439365
2495,623.75,4820,26,4294,498,1.0166,0.34401492338171535
2496,624.0,4491,22,4034,433,0.97383,0.3186004822636548
2497,624.25,4185,87,2444,1653,0.9340499999999999,0.373840913062591
2498,624.5,4087,21,3651,414,0.9213100000000001,0.29115850798017184
2499,624.75,3731,10,3512,207,0.87503,0.2553020150042309
2500,625.0,4281,29,3692,559,0.94653,0.3126881124560256
2501,625.25,4932,25,4425,480,1.0311599999999999,0.3501962654214984
2502,625.5,4355,42,3510,801,0.95615,0.3324612074585972
2503,625.75,4272,19,3889,363,0.94536,0.30007682538725133
2504,626.0,4377,15,4068,292,0.9590100000000001,0.3025454511416065
2505,626.25,4103,13,3831,257,0.92339,0.28255938549128423
2506,626.5,4146,0,4145,0,0.9289800000000001,0.2694954087207565
2507,626.75,4192,10,3979,201,0.93496,0.28491063449228726
2508,627.0,4178,18,3809,349,0.93314,0.293114725476152
2509,627.25,4303,6,4167,128,0.94939,0.28763683337197515
2510,627.5,4362,2,4318,41,0.9570600000000001,0.2860934354464229
2511,627.75,4459,1,4428,28,0.96967,0.29160238635778457
2512,628.0,4518,3,4453,61,0.9773400000000001,0.29743490158039637
2513,628.25,4742,12,4489,239,1.00646,0.322975948004596
2514,628.5,4764,72,3315,1375,1.00932,0.3943859899782168
2515,628.75,4864,18,4499,346,1.02232,0.3374883681717774
2516,629.0,5346,8,5185,152,1.08498,0.35686958296993876
2517,629.25,4988,23,4514,449,1.0384399999999998,0.35189580541132137
2518,629.5,5706,5,5605,95,1.13178,0.3767624136035397
2519,629.75,5227,21,4788,416,1.0695100000000002,0.3654278111455078
2520,630.0,5065,12,4816,235,1.04845,0.3437350755720976
2521,630.25,5683,7,5529,145,1.12879,0.37834775126281384
2522,630.5,5332,6,5210,115,1.08316,0.35368656619134325
2523,630.75,4716,33,4043,638,1.00308,0.3458860774076732
2524,631.0,5509,10,5306,192,1.10617,0.3699353832924699
2525,631.25,5510,70,4099,1339,1.1063,0.4406653746863733
2526,631.5,6141,20,5732,388,1.18833,0.42306987133831336
2527,631.75,5461,15,5144,300,1.09993,0.37346333601059895
2528,632.0,5700,7,5558,134,1.131,0.37876258931291956
2529,632.25,6246,46,5324,875,1.20198,0.45990781481929616
2530,632.5,6048,26,5523,498,1.1762399999999997,0.42379500622763966
2531,632.75,5939,41,5101,795,1.16207,0.43503576736756167
2532,633.0,5821,80,4217,1523,1.14673,0.47216813799254687
2533,633.25,6207,52,5152,1001,1.19691,0.4651144831583396
2534,633.5,6143,59,4954,1128,1.18859,0.46881428643049905
2535,633.75,5967,123,3488,2354,1.16571,0.5328465534042313
2536,634.0,6024,18,5659,345,1.1731200000000002,0.41285777585932504
2537,634.25,6031,45,5120,865,1.17403,0.4453031846200168
2538,634.5,6010,37,5259,713,1.1713,0.43456872884309505
2539,634.75,6616,49,5619,946,1.25008,0.488342977546826
2540,635.0,6598,15,6297,285,1.24774,0.4464390960842886
2541,635.25,6657,24,6158,473,1.25541,0.4618567089950123
2542,635.5,6391,28,5830,532,1.22083,0.44822518677717604
2543,635.75,6324,1,6286,35,1.2121200000000003,0.41326834135343854
2544,636.0,6332,46,5402,882,1.21316,0.46594775740006034
2545,636.25,6703,27,6149,525,1.26139,0.4680803068956656
2546,636.5,5843,22,5396,423,1.14959,0.4058916958682217
2547,636.75,6222,32,5569,619,1.19886,0.4425780050199202
2548,637.0,6092,9,5907,175,1.18196,0.4067878381349725
2549,637.25,6744,22,6287,433,1.26672,0.46507520538613006
2550,637.5,6165,40,5363,761,1.19145,0.4476199683180573
2551,637.75,5785,73,4306,1404,1.14205,0.4625010011460844
2552,638.0,6306,81,4667,1556,1.20978,0.5057144550905287
2553,638.25,6086,6,5947,131,1.18118,0.40369344186518813
2554,638.5,5984,6,5847,129,1.16792,0.3969194939089071
2555,638.75,5904,23,5427,453,1.15752,0.41165875387335465
2556,639.0,5838,80,4229,1527,1.14894,0.4735421097592091
2557,639.25,6203,8,6028,166,1.19639,0.4134219525512241
2558,639.5,5997,4,5911,81,1.16961,0.39483483031714545
2559,639.75,5807,48,4832,925,1.14491,0.43446740984933263
2560,640.0,5470,3,5404,62,1.1011,0.3593865006761713
2561,640.25,5680,12,5430,236,1.1284,0.3837847041705354
2562,640.5,5737,47,4783,905,1.13581,0.4286664037512786
2563,640.75,5675,34,4975,664,1.12775,0.40977738677383335
2564,641.0,5558,36,4819,701,1.11254,0.40448369988028404
2565,641.25,5157,4,5072,80,1.06041,0.34015497561474667
2566,641.5,4635,17,4280,337,0.9925499999999999,0.3220406208790817
2567,641.75,7547,149,4563,2833,1.37111,0.6650687853132279
2568,642.0,6535,7,6384,142,1.23955,0.43356883168574806
2569,642.25,6260,6,6139,114,1.2038,0.4139275345300169
2570,642.5,5082,0,5067,13,1.05066,0.3311680952373113
2571,642.75,4453,2,4393,56,0.96889,0.29291315625549647
2572,643.0,4647,78,3084,1484,0.99411,0.39348859343492093
2573,643.25,4978,47,4023,906,1.03714,0.37941431673601783
2574,643.5,5272,20,4856,394,1.07536,0.3669676777101379
2575,643.75,4785,25,4283,476,1.01205,0.34033847202898154
2576,644.0,5658,13,5378,265,1.12554,0.3841112302294196
2577,644.25,5708,70,4290,1346,1.13204,0.4539155953370946
2578,644.5,5117,2,5062,52,1.05521,0.3358161938097625
2579,644.75,5464,13,5194,256,1.10032,0.3709452684089788
2580,645.0,5407,27,4855,524,1.09291,0.38374141155584013
2581,645.25,5534,30,4918,584,1.10942,0.3957269719660382
2582,645.5,6021,1,5998,20,1.17273,0.3926536597021929
2583,645.75,3621,32,2977,611,0.8607300000000001,0.27299407188002667
2584,646.0,4038,15,3726,295,0.9149399999999999,0.2806691907824173
2585,646.25,3573,8,3411,153,0.8544899999999999,0.241686770595327
2586,646.5,3940,26,3410,502,0.9022000000000001,0.2870483294543496
2587,646.75,3804,0,3784,18,0.8845199999999999,0.24837571663361302
2588,647.0,3592,14,3311,266,0.85696,0.24989187922800712
2589,647.25,4296,0,4280,14,0.9484800000000001,0.2801565870387158
2590,647.5,4086,46,3158,880,0.92118,0.31983672945883884
2591,647.75,4241,4,4142,93,0.94133,0.2814265273033084
2592,648.0,3840,40,3023,775,0.8892000000000001,0.2973547901095468
2593,648.25,3981,0,3976,4,0.90753,0.259029369555648
2594,648.5,4488,2,4443,42,0.9734399999999999,0.29434334388204664
2595,648.75,4022,15,3720,286,0.91286,0.2790679379321613
2596,649.0,4283,28,3714,539,0.94679,0.31164209662947634
2597,649.25,3878,8,3698,170,0.89414,0.2625731250653082
2598,649.5,4306,6,4176,122,0.94978,0.28745004557732706
2599,649.75,3959,27,3403,527,0.90467,0.28980820244648614
2600,650.0,3591,23,3123,443,0.85683,0.2607542703645335
2601,650.25,4199,1,4159,37,0.9358700000000001,0.2752348993135492
2602,650.5,4106,20,3692,393,0.92378,0.29109773736502864
2603,650.75,3810,39,3022,747,0.8852999999999999,0.2936968247703813
2604,651.0,4408,21,3983,403,0.96304,0.31137236431759957
2605,651.25,4140,1,4106,32,0.9282000000000001,0.2710739367498389
2606,651.5,5397,4,5299,92,1.09161,0.35650069393953976
2607,651.75,4093,7,3935,149,0.9220900000000001,0.27524840671846323
2608,652.0,4236,35,3535,665,0.94068,0.31633318908073815
2609,652.25,4930,26,4403,500,1.0309,0.35126719856609545
2610,652.5,4700,27,4146,525,1.001,0.3378632299311862
2611,652.75,5069,0,5062,6,1.04897,0.329875448689904
2612,653.0,5003,19,4611,371,1.04039,0.348078886596947
2613,653.25,4791,33,4125,632,1.01283,0.35035715409472895
2614,653.5,4629,3,4562,63,0.9917699999999999,0.3047823243456913
2615,653.75,5442,21,5003,416,1.09746,0.3793829219666295
2616,654.0,4813,5,4708,99,1.01569,0.31895850523061103
2617,654.25,5446,20,5029,395,1.09798,0.37833179511082443
2618,654.5,5632,31,4994,605,1.12216,0.403350932327678
2619,654.75,5396,53,4332,1009,1.09148,0.4129311724932674
2620,655.0,5419,63,4152,1203,1.09447,0.4263358810335363
2621,655.25,5290,117,2947,2225,1.0777,0.48089552564690013
2622,655.5,5798,119,3417,2261,1.1437399999999998,0.5161502527509588
2623,655.75,4816,45,3903,867,1.01608,0.3664363382460234
2624,656.0,6014,35,5301,676,1.17182,0.43259209483194244
2625,656.25,5902,1,5869,30,1.1572600000000002,0.3855121693336711
2626,656.5,5863,1,5823,37,1.15219,0.38339535111521666
2627,656.75,6063,2,6018,42,1.17819,0.39668630431495766
2628,657.0,5636,10,5418,207,1.12268,0.37908932008958734
2629,657.25,5378,32,4724,620,1.08914,0.387786434036854
2630,657.5,6292,8,6114,169,1.20796,0.41938987308124115
2631,657.75,6592,8,6412,170,1.24696,0.4389578649811704
2632,658.0,5717,27,5168,520,1.13321,0.40367586655864546
2633,658.25,5960,48,4985,926,1.1648,0.4444247233608406
2634,658.5,6534,0,6525,8,1.23942,0.4252178590138825
2635,658.75,6443,9,6259,173,1.22759,0.4295063910448296
2636,659.0,7248,0,7230,17,1.33224,0.47217050830493196
2637,659.25,6699,13,6435,250,1.26087,0.45084625478261897
2638,659.5,6640,19,6253,367,1.2532,0.45422058679912564
2639,659.75,6168,7,6014,145,1.19184,0.4098742788714922
2640,660.0,6557,30,5950,576,1.24241,0.4616895252173698
2641,660.25,6846,18,6467,359,1.27998,0.46715734220216004
2642,660.5,6340,55,5236,1048,1.2142,0.4766643841286667
2643,660.75,6341,2,6287,51,1.21433,0.41531710143306433
2644,661.0,6401,20,5988,392,1.22213,0.44022434561852203
2645,661.25,6136,27,5593,515,1.18768,0.4305563403006998
2646,661.5,6389,9,6197,181,1.22057,0.426487060210124
2647,661.75,6349,60,5142,1145,1.2153700000000003,0.48325441492584226
2648,662.0,6683,42,5833,807,1.25879,0.4840927145074646
2649,662.25,6140,54,5056,1029,1.1882,0.4625046338670728
2650,662.5,6354,8,6191,154,1.21602,0.42254463410733595
2651,662.75,6054,11,5831,210,1.17702,0.40649967240040924
2652,663.0,6240,12,5985,241,1.2012,0.42045916956985174
2653,663.25,5916,11,5686,218,1.15908,0.3979902781999109
2654,663.5,6102,24,5620,457,1.1832600000000002,0.4248037488493174
2655,663.75,6085,47,5125,911,1.18105,0.45167467279327933
2656,664.0,5480,6,5342,131,1.1024,0.36426868312356286
2657,664.25,6061,4,5978,78,1.17793,0.3987818215791134
2658,664.5,5609,4,5528,76,1.11917,0.36931803585846
2659,664.75,5444,99,3447,1897,1.09772,0.47067722519851285
2660,665.0,5297,35,4592,669,1.07861,0.3855030861603789
2661,665.25,5523,69,4137,1315,1.1079899999999998,0.44002339950615754
2662,665.5,5355,6,5227,121,1.08615,0.3555627652967371
2663,665.75,5389,12,5141,234,1.09057,0.36474799263401886
2664,666.0,5317,8,5156,152,1.08121,0.3549665196399126
2665,666.25,5304,23,4841,439,1.07952,0.37183579741635225
2666,666.5,5876,16,5540,318,1.1538799999999998,0.4015613835078405
2667,666.75,5801,3,5725,71,1.1441299999999999,0.3814959084939252
2668,667.0,5492,34,4793,663,1.10396,0.3978555063483177
2669,667.25,5831,15,5528,287,1.14803,0.39671698861242416
2670,667.5,6005,1,5968,34,1.17065,0.39247104847979764
2671,667.75,6663,14,6370,278,1.25619,0.4502231753288209
2672,668.0,4815,8,4646,159,1.0159500000000001,0.3228239815769977
2673,668.25,4128,9,3940,178,0.92664,0.27930470956487347
2674,668.5,5208,40,4393,773,1.06704,0.38617583642221565
2675,668.75,4506,6,4384,115,0.97578,0.300008289649036
2676,669.0,4489,22,4047,419,0.97357,0.3176188988735054
2677,669.25,4971,28,4397,545,1.0362300000000002,0.3566835588436315
2678,669.5,4769,6,4645,117,1.00997,0.31720105760289774
2679,669.75,4436,56,3308,1071,0.96668,0.35431142856127124
2680,670.0,4409,13,4131,263,0.96317,0.3028213361033683
2681,670.25,4400,80,2786,1532,0.962,0.38036114085551154
2682,670.5,4019,4,3932,82,0.91247,0.26632079188332736
2683,670.75,4149,74,2650,1423,0.9293700000000001,0.3573326419697443
2684,671.0,4213,6,4088,117,0.9376899999999999,0.2811097011655982
2685,671.25,3985,1,3951,32,0.9080499999999999,0.26100818153865224
2686,671.5,3720,6,3584,128,0.8736,0.24970045136409855
2687,671.75,3922,21,3500,400,0.89986,0.27956260017514883
2688,672.0,4703,7,4543,151,1.00139,0.31500062734606304
2689,672.25,5022,51,3986,983,1.04286,0.38701691188429865
2690,672.5,4478,39,3688,749,0.97214,0.337236174740128
2691,672.75,5131,13,4868,249,1.05703,0.3488794007929387
2692,673.0,4561,6,4438,116,0.98293,0.3036318116569116
2693,673.25,4958,25,4444,487,1.03454,0.3522828323707607
2694,673.5,5265,23,4799,442,1.07445,0.3694577713620196
2695,673.75,5392,23,4928,440,1.09096,0.3775764125488695
2696,674.0,7186,25,6675,484,1.32418,0.4969429907085632
2697,674.25,7132,18,6761,351,1.31716,0.4852437804684627
2698,674.5,6757,18,6390,347,1.26841,0.4606225290512184
2699,674.75,7450,24,6950,474,1.3585,0.5134432490830504
2700,675.0,6894,3,6827,63,1.28622,0.45199659072645343
2701,675.25,7622,46,6698,877,1.38086,0.5494589080591041
2702,675.5,7558,82,5899,1575,1.37254,0.5882867353537581
2703,675.75,6074,6,5942,125,1.1796200000000003,0.40252667437271006
2704,676.0,5757,33,5094,629,1.13841,0.412953429627112
2705,676.25,5590,12,5346,231,1.1167,0.37760813366625356
2706,676.5,5538,18,5173,346,1.10994,0.3812842507856534
2707,676.75,5663,7,5504,150,1.12619,0.3773793499856986
2708,677.0,5620,41,4788,790,1.1206,0.4139686201720374
2709,677.25,6489,12,6246,230,1.23357,0.4359856794892916
2710,677.5,6624,19,6233,371,1.25112,0.4534249864070325
2711,677.75,6568,24,6083,460,1.24384,0.45527781733704137
2712,678.0,6490,5,6381,102,1.2337,0.42819078508374825
2713,678.25,8328,93,6463,1771,1.47264,0.6503814505754133
2714,678.5,7778,41,6942,793,1.40114,0.5544320670037822
2715,678.75,7971,68,6594,1307,1.42623,0.5986110474352125
2716,679.0,7986,6,7860,119,1.42818,0.5264473307419837
2717,679.25,7993,91,6167,1733,1.42909,0.6263087792612879
2718,679.5,8375,16,8039,319,1.47875,0.564020963994541
2719,679.75,6973,33,6310,629,1.29649,0.49202887806091494
2720,680.0,7039,15,6726,296,1.30507,0.47581756945088266
2721,680.25,7537,23,7074,439,1.36981,0.5169560810894884
2722,680.5,7263,37,6509,716,1.33419,0.5161879990991605
2723,680.75,7529,31,6905,592,1.36877,0.5258887170586164
2724,681.0,7458,57,6300,1099,1.35954,0.5524686955050353
2725,681.25,7624,5,7517,101,1.38112,0.5017908965656386
2726,681.5,7488,41,6658,787,1.36344,0.5352357023632707
2727,681.75,9153,36,8428,687,1.57989,0.6373063882743973
2728,682.0,9152,67,7800,1283,1.57976,0.6739398153123799
2729,682.25,9697,29,9101,565,1.65061,0.6651540655243079
2730,682.5,9536,87,7786,1662,1.62968,0.7222144013953745
2731,682.75,9794,56,8670,1066,1.66322,0.7023143668214366
2732,683.0,9855,45,8937,871,1.6711500000000001,0.6942600830637269
2733,683.25,7833,84,6136,1611,1.40829,0.6083658712586528
2734,683.5,8251,33,7584,633,1.46263,0.5753074233241668
2735,683.75,7992,20,7576,394,1.42896,0.543802901705353
2736,684.0,7952,8,7778,165,1.42376,0.5270490414107691
2737,684.25,8372,2,8312,56,1.47836,0.547684576291474
2738,684.5,8153,64,6869,1219,1.44989,0.6050224709523957
2739,684.75,7865,30,7246,587,1.41245,0.5474258404229203
2740,685.0,8095,12,7846,235,1.44235,0.5406918798076789
2741,685.25,7540,25,7026,488,1.3702,0.5201586209585027
2742,685.5,7960,103,5899,1957,1.4248,0.6379481864248813
2743,685.75,7395,20,6991,383,1.35135,0.50429619922199
2744,686.0,7503,118,5132,2252,1.36539,0.6263842806356514
2745,686.25,7922,62,6668,1190,1.41986,0.5882627369920913
2746,686.5,6888,35,6187,665,1.28544,0.48868999278052255
2747,686.75,8168,15,7863,288,1.45184,0.5487152917063762
2748,687.0,7811,19,7429,362,1.40543,0.5300548949558525
2749,687.25,6937,12,6681,242,1.29181,0.4658433293533699
2750,687.5,8132,103,6059,1969,1.44716,0.6498452128949495
2751,687.75,8135,17,7787,330,1.44755,0.5491098011099329
2752,688.0,7195,12,6941,241,1.32535,0.48252420139230434
2753,688.25,6885,30,6281,573,1.28505,0.48285531553050687
2754,688.5,7579,12,7334,232,1.37527,0.5069576376811663
2755,688.75,6879,18,6515,344,1.28427,0.4683755438620241
2756,689.0,6936,18,6563,354,1.29168,0.4726400569731355
2757,689.25,7157,14,6858,283,1.32041,0.4826653469017793
2758,689.5,6649,18,6285,345,1.25437,0.4534717498285682
2759,689.75,6525,29,5930,564,1.23825,0.4589019546322252
2760,690.0,6118,6,5996,115,1.18534,0.4047688695077894
2761,690.25,6212,0,6204,7,1.19756,0.4042202768128088
2762,690.5,6225,32,5566,625,1.19925,0.44314630624211393
2763,690.75,5835,77,4287,1469,1.14855,0.46979260611680623
2764,691.0,5767,52,4707,1006,1.13971,0.4368402944722368
2765,691.25,6027,37,5273,715,1.1735100000000003,0.43583763066506465
2766,691.5,5371,96,3447,1826,1.08823,0.46161691968699836
2767,691.75,5572,44,4678,848,1.11436,0.4144452497907256
2768,692.0,6333,9,6141,181,1.21329,0.4228245707920342
2769,692.25,5563,16,5242,304,1.11319,0.3803698488554236
2770,692.5,5445,15,5126,302,1.09785,0.3725700892550419
2771,692.75,7015,34,6316,663,1.30195,0.49684341781597413
2772,693.0,6948,28,6375,544,1.29324,0.4851209390726575
2773,693.25,5544,21,5114,407,1.11072,0.38548019910075315
2774,693.5,6011,34,5328,648,1.17143,0.43064792836614413
2775,693.75,5685,14,5402,268,1.12905,0.38603622433805934
2776,694.0,5136,10,4917,207,1.05768,0.3466303089172959
2777,694.25,5548,25,5039,483,1.1112399999999998,0.39038806879628907
2778,694.5,4661,11,4424,224,0.99593,0.3167727413837118
2779,694.75,5062,15,4757,289,1.0480600000000002,0.34686876670263683
2780,695.0,5091,2,5045,43,1.05183,0.3335629024986657
2781,695.25,4795,40,3991,763,1.01335,0.35868504731886686
2782,695.5,4978,11,4744,222,1.03714,0.3372568567761041
2783,695.75,4729,12,4472,244,1.00477,0.322416537981878
2784,696.0,5191,9,5001,179,1.06483,0.3484796469813064
2785,696.25,4601,16,4278,306,0.9881299999999998,0.31791692403618677
2786,696.5,5331,27,4779,523,1.08303,0.3787685851316113
2787,696.75,6914,31,6277,604,1.28882,0.4866481563660105
2788,697.0,6824,44,5931,847,1.27712,0.49575606442828574
2789,697.25,6685,35,5971,677,1.25905,0.4762574420430894
2790,697.5,7330,7,7179,143,1.3429,0.48526754751952905
2791,697.75,6866,3,6795,67,1.28258,0.4504372816655058
2792,698.0,4850,48,3883,918,1.0205,0.3718168333579435
2793,698.25,5568,55,4464,1048,1.11384,0.4264995493755818
2794,698.5,5038,18,4671,348,1.04494,0.3489008781841849
2795,698.75,5343,10,5128,203,1.08459,0.3598294448964523
2796,699.0,5684,4,5588,90,1.12892,0.37504268322727713
2797,699.25,5558,3,5493,61,1.11254,0.3650361905193143
2798,699.5,6106,10,5887,207,1.18378,0.4096894248470789
2799,699.75,5416,25,4910,479,1.09408,0.381583712102257
2800,700.0,5686,0,5680,5,1.12918,0.3699395974211061
2801,700.25,5796,15,5494,286,1.14348,0.39436491579216704
2802,700.5,6112,63,4847,1201,1.18456,0.4712618288587714
2803,700.75,6404,20,5991,391,1.22252,0.4403892234886817
2804,701.0,6133,4,6040,87,1.18729,0.4040599204158342
2805,701.25,6166,24,5675,465,1.19158,0.4294598354471107
2806,701.5,5859,75,4347,1435,1.15167,0.46925957604804586
2807,701.75,6435,82,4788,1564,1.22655,0.5146150934205825
2808,702.0,6304,55,5184,1063,1.20952,0.4752628147592967
2809,702.25,6783,27,6239,516,1.27179,0.4726758070065973
2810,702.5,6572,33,5905,633,1.24436,0.4661987127138698
2811,702.75,6720,4,6631,84,1.2636,0.44199203985019936
2812,703.0,6450,80,4831,1537,1.2285,0.5139075498273143
2813,703.25,6438,33,5766,637,1.22694,0.4577491917531096
2814,703.5,7632,26,7095,509,1.38216,0.5274404486579212
2815,703.75,7202,28,6630,542,1.32626,0.5015662886525024
2816,704.0,7371,49,6382,938,1.34823,0.536918602877919
2817,704.25,7059,6,6927,125,1.30767,0.46655086046264493
2818,704.5,7675,5,7568,101,1.38775,0.505120054514515
2819,704.75,7697,6,7565,125,1.39061,0.5080255138189442
2820,705.0,7319,24,6838,456,1.34147,0.5038280919139083
2821,705.25,7309,41,6480,786,1.34017,0.5235434694821058
2822,705.5,7470,59,6273,1136,1.3611,0.5555324014911118
2823,705.75,7738,14,7446,276,1.39594,0.5200085126437355
2824,706.0,7849,11,7628,209,1.41037,0.5230997079276867
2825,706.25,9815,53,8749,1012,1.66595,0.7003159200664739
2826,706.5,10234,5,10128,99,1.72042,0.6713650682216297
2827,706.75,9665,3,9594,67,1.64645,0.6323508141342429
2828,707.0,9582,40,8773,768,1.63566,0.6701533868981716
2829,707.25,7971,17,7625,328,1.42623,0.5383460293916028
2830,707.5,7479,68,6104,1305,1.36227,0.5665293626151223
2831,707.75,8205,99,6206,1898,1.45665,0.6502388289642397
2832,708.0,8029,70,6614,1343,1.43377,0.6046263019533432
2833,708.25,7895,83,6234,1577,1.41635,0.6103399150110069
2834,708.5,7869,88,6093,1686,1.41297,0.6153484112526904
2835,708.75,8244,38,7473,731,1.46172,0.5809066925352258
2836,709.0,8212,9,8018,183,1.45756,0.5451064020118234
2837,709.25,7846,9,7649,186,1.40998,0.5214797562907514
2838,709.5,8063,15,7762,285,1.43819,0.5416988857297662
2839,709.75,8104,8,7941,154,1.44352,0.5362579781100871
2840,710.0,7899,12,7645,241,1.41687,0.5282807880046904
2841,710.25,7685,28,7111,545,1.38905,0.5330959059357318
2842,710.5,7804,31,7167,605,1.40452,0.5445176700878364
2843,710.75,7316,7,7171,136,1.34108,0.4839660802408774
2844,711.0,7581,152,4540,2888,1.37553,0.6706610226001254
2845,711.25,7419,84,5729,1605,1.35447,0.581084379426666
2846,711.5,7296,102,5243,1949,1.33848,0.5942949895660897
2847,711.75,6815,9,6615,189,1.27595,0.4546286893824167
2848,712.0,6941,14,6648,278,1.29233,0.46829641497425895
2849,712.25,7017,92,5176,1748,1.30221,0.5637595732413362
2850,712.5,7342,82,5698,1561,1.34446,0.5733836820647761
2851,712.75,7067,27,6512,526,1.30871,0.4917742266445509
2852,713.0,7170,21,6743,404,1.3221,0.49098649664935345
2853,713.25,7165,82,5511,1571,1.32145,0.5624807916196567
2854,713.5,6794,15,6488,290,1.27322,0.45950296227693277
2855,713.75,6640,15,6337,287,1.2532,0.4493170481485827
2856,714.0,6208,11,5981,215,1.19704,0.41677993376051264
2857,714.25,6997,15,6692,289,1.29961,0.47264697818729884
2858,714.5,5878,25,5376,476,1.15414,0.4113908471606295
2859,714.75,6242,54,5156,1030,1.20146,0.4692073469098168
2860,715.0,6361,19,5970,370,1.21693,0.4363081774388948
2861,715.25,6271,13,6003,254,1.20523,0.42327626550027697
2862,715.5,5579,52,4532,994,1.11527,0.423873640492406
2863,715.75,5710,4,5624,81,1.1323,0.37615650168166453
2864,716.0,5510,7,5355,146,1.1063,0.3671852689920066
2865,716.25,5072,10,4858,202,1.04936,0.34214334236731603
2866,716.5,5625,5,5522,97,1.12125,0.37160630577424336
2867,716.75,5295,91,3471,1732,1.07835,0.4508545595628666
2868,717.0,5890,20,5477,391,1.1557,0.4069561373908768
2869,717.25,5556,6,5425,124,1.11228,0.3687887320629173
2870,717.5,5322,2,5277,42,1.08186,0.3485341848814435
2871,717.75,5110,11,4886,212,1.0543,0.34523328229851696
2872,718.0,5235,78,3665,1490,1.07055,0.432077505758933
2873,718.25,5077,23,4599,453,1.0500100000000003,0.3579271705831783
2874,718.5,5135,17,4785,332,1.05755,0.35424772234999796
2875,718.75,5650,10,5447,192,1.1245,0.3791072569304069
2876,719.0,4731,1,4703,25,1.00503,0.30909742852106875
2877,719.25,4978,43,4116,818,1.03714,0.37396931646177184
2878,719.5,5224,13,4960,250,1.0691200000000003,0.354992803153951
2879,719.75,4883,8,4708,165,1.02479,0.32757670211552037
